lot_iri,process_iri,plan_iri,work_order_iri,product_iri,family,quality_status,output_quantity,quantity_unit,scenario_role
http://w3id.org/protys/fixture#Load00000,http://w3id.org/protys/fixture#Load00000_Process,http://w3id.org/protys/fixture#Load00000_Plan,http://w3id.org/protys/fixture#Load00000_Order,http://w3id.org/protys/fixture#WhitePaint,White_Matte,APPROVED,141.904,L,SIMULATED_PRODUCTION_CASE
http://w3id.org/protys/fixture#Load00001,http://w3id.org/protys/fixture#Load00001_Process,http://w3id.org/protys/fixture#Load00001_Plan,http://w3id.org/protys/fixture#Load00001_Order,http://w3id.org/protys/fixture#WhitePaint,White_Matte,APPROVED,89.376,L,SIMULATED_PRODUCTION_CASE
http://w3id.org/protys/fixture#Load00002,http://w3id.org/protys/fixture#Load00002_Process,http://w3id.org/protys/fixture#Load00002_Plan,http://w3id.org/protys/fixture#Load00002_Order,http://w3id.org/protys/fixture#WhitePaint,White_Matte,APPROVED,80.752,L,SIMULATED_PRODUCTION_CASE
http://w3id.org/protys/fixture#Load00003,http://w3id.org/protys/fixture#Load00003_Process,http://w3id.org/protys/fixture#Load00003_Plan,http://w3id.org/protys/fixture#Load00003_Order,http://w3id.org/protys/fixture#WhitePaint,White_Matte,APPROVED,152.096,L,SIMULATED_PRODUCTION_CASE
http://w3id.org/protys/fixture#Load00004,http://w3id.org/protys/fixture#Load00004_Process,http://w3id.org/protys/fixture#Load00004_Plan,http://w3id.org/protys/fixture#Load00004_Order,http://w3id.org/protys/fixture#WhitePaint,White_Matte,APPROVED,105.84,L,SIMULATED_PRODUCTION_CASE
http://w3id.org/protys/fixture#Load00005,http://w3id.org/protys/fixture#Load00005_Process,http://w3id.org/protys/fixture#Load00005_Plan,http://w3id.org/protys/fixture#Load00005_Order,http://w3id.org/protys/fixture#WhitePaint,White_Matte,APPROVED,102.704,L,SIMULATED_PRODUCTION_CASE
http://w3id.org/protys/fixture#Load00006,http://w3id.org/protys/fixture#Load00006_Process,http://w3id.org/protys/fixture#Load00006_Plan,http://w3id.org/protys/fixture#Load00006_Order,http://w3id.org/protys/fixture#WhitePaint,White_Matte,APPROVED,100.352,L,SIMULATED_PRODUCTION_CASE
http://w3id.org/protys/fixture#Load00007,http://w3id.org/protys/fixture#Load00007_Process,http://w3id.org/protys/fixture#Load00007_Plan,http://w3id.org/protys/fixture#Load00007_Order,http://w3id.org/protys/fixture#WhitePaint,White_Matte,APPROVED,91.728,L,SIMULATED_PRODUCTION_CASE
http://w3id.org/protys/fixture#Load00008,http://w3id.org/protys/fixture#Load00008_Process,http://w3id.org/protys/fixture#Load00008_Plan,http://w3id.org/protys/fixture#Load00008_Order,http://w3id.org/protys/fixture#WhitePaint,White_Matte,APPROVED,152.096,L,SIMULATED_PRODUCTION_CASE
http://w3id.org/protys/fixture#Load00009,http://w3id.org/protys/fixture#Load00009_Process,http://w3id.org/protys/fixture#Load00009_Plan,http://w3id.org/protys/fixture#Load00009_Order,http://w3id.org/protys/fixture#WhitePaint,White_Matte,APPROVED,88.592,L,SIMULATED_PRODUCTION_CASE
http://w3id.org/protys/fixture#Load00010,http://w3id.org/protys/fixture#Load00010_Process,http://w3id.org/protys/fixture#Load00010_Plan,http://w3id.org/protys/fixture#Load00010_Order,http://w3id.org/protys/fixture#WhitePaint,White_Matte,APPROVED,145.824,L,SIMULATED_PRODUCTION_CASE
http://w3id.org/protys/fixture#Load00011,http://w3id.org/protys/fixture#Load00011_Process,http://w3id.org/protys/fixture#Load00011_Plan,http://w3id.org/protys/fixture#Load00011_Order,http://w3id.org/protys/fixture#WhitePaint,White_Matte,APPROVED,152.096,L,SIMULATED_PRODUCTION_CASE
http://w3id.org/protys/fixture#Load00012,http://w3id.org/protys/fixture#Load00012_Process,http://w3id.org/protys/fixture#Load00012_Plan,http://w3id.org/protys/fixture#Load00012_Order,http://w3id.org/protys/fixture#WhitePaint,White_Matte,APPROVED,132.496,L,SIMULATED_PRODUCTION_CASE
http://w3id.org/protys/fixture#Load00013,http://w3id.org/protys/fixture#Load00013_Process,http://w3id.org/protys/fixture#Load00013_Plan,http://w3id.org/protys/fixture#Load00013_Order,http://w3id.org/protys/fixture#WhitePaint,White_Matte,APPROVED,87.024,L,SIMULATED_PRODUCTION_CASE
http://w3id.org/protys/fixture#Load00014,http://w3id.org/protys/fixture#Load00014_Process,http://w3id.org/protys/fixture#Load00014_Plan,http://w3id.org/protys/fixture#Load00014_Order,http://w3id.org/protys/fixture#WhitePaint,White_Matte,APPROVED,137.2,L,SIMULATED_PRODUCTION_CASE
http://w3id.org/protys/fixture#Load00015,http://w3id.org/protys/fixture#Load00015_Process,http://w3id.org/protys/fixture#Load00015_Plan,http://w3id.org/protys/fixture#Load00015_Order,http://w3id.org/protys/fixture#WhitePaint,White_Matte,APPROVED,120.736,L,SIMULATED_PRODUCTION_CASE
http://w3id.org/protys/fixture#Load00016,http://w3id.org/protys/fixture#Load00016_Process,http://w3id.org/protys/fixture#Load00016_Plan,http://w3id.org/protys/fixture#Load00016_Order,http://w3id.org/protys/fixture#WhitePaint,White_Matte,APPROVED,81.536,L,SIMULATED_PRODUCTION_CASE
http://w3id.org/protys/fixture#Load00017,http://w3id.org/protys/fixture#Load00017_Process,http://w3id.org/protys/fixture#Load00017_Plan,http://w3id.org/protys/fixture#Load00017_Order,http://w3id.org/protys/fixture#WhitePaint,White_Matte,APPROVED,80.752,L,SIMULATED_PRODUCTION_CASE
http://w3id.org/protys/fixture#Load00018,http://w3id.org/protys/fixture#Load00018_Process,http://w3id.org/protys/fixture#Load00018_Plan,http://w3id.org/protys/fixture#Load00018_Order,http://w3id.org/protys/fixture#WhitePaint,White_Matte,APPROVED,87.024,L,SIMULATED_PRODUCTION_CASE
http://w3id.org/protys/fixture#Load00019,http://w3id.org/protys/fixture#Load00019_Process,http://w3id.org/protys/fixture#Load00019_Plan,http://w3id.org/protys/fixture#Load00019_Order,http://w3id.org/protys/fixture#WhitePaint,White_Matte,APPROVED,99.568,L,SIMULATED_PRODUCTION_CASE
