flow_iri,lot_iri,process_iri,material_iri,supplier_iri,quantity,unit,accounting,scenario_role
http://w3id.org/protys/fixture#Load00000_Flow_TitaniumDioxide,http://w3id.org/protys/fixture#Load00000,http://w3id.org/protys/fixture#Load00000_Process,http://w3id.org/protys/fixture#TitaniumDioxide,http://w3id.org/protys/fixture#Supplier_A,36.2,kg,RECIPE_ONCE_PER_PROCESS,SIMULATED_PRODUCTION_CASE
http://w3id.org/protys/fixture#Load00000_Flow_AcrylicResin,http://w3id.org/protys/fixture#Load00000,http://w3id.org/protys/fixture#Load00000_Process,http://w3id.org/protys/fixture#AcrylicResin,http://w3id.org/protys/fixture#Supplier_B,54.3,kg,RECIPE_ONCE_PER_PROCESS,SIMULATED_PRODUCTION_CASE
http://w3id.org/protys/fixture#Load00000_Flow_Water,http://w3id.org/protys/fixture#Load00000,http://w3id.org/protys/fixture#Load00000_Process,http://w3id.org/protys/fixture#Water,http://w3id.org/protys/fixture#Supplier_A,88.69,kg,RECIPE_ONCE_PER_PROCESS,SIMULATED_PRODUCTION_CASE
http://w3id.org/protys/fixture#Load00000_Flow_Biocide,http://w3id.org/protys/fixture#Load00000,http://w3id.org/protys/fixture#Load00000_Process,http://w3id.org/protys/fixture#Biocide,http://w3id.org/protys/fixture#Supplier_B,1.81,kg,RECIPE_ONCE_PER_PROCESS,SIMULATED_PRODUCTION_CASE
http://w3id.org/protys/fixture#Load00001_Flow_TitaniumDioxide,http://w3id.org/protys/fixture#Load00001,http://w3id.org/protys/fixture#Load00001_Process,http://w3id.org/protys/fixture#TitaniumDioxide,http://w3id.org/protys/fixture#Supplier_A,22.8,kg,RECIPE_ONCE_PER_PROCESS,SIMULATED_PRODUCTION_CASE
http://w3id.org/protys/fixture#Load00001_Flow_AcrylicResin,http://w3id.org/protys/fixture#Load00001,http://w3id.org/protys/fixture#Load00001_Process,http://w3id.org/protys/fixture#AcrylicResin,http://w3id.org/protys/fixture#Supplier_B,34.2,kg,RECIPE_ONCE_PER_PROCESS,SIMULATED_PRODUCTION_CASE
http://w3id.org/protys/fixture#Load00001_Flow_Water,http://w3id.org/protys/fixture#Load00001,http://w3id.org/protys/fixture#Load00001_Process,http://w3id.org/protys/fixture#Water,http://w3id.org/protys/fixture#Supplier_A,55.86,kg,RECIPE_ONCE_PER_PROCESS,SIMULATED_PRODUCTION_CASE
http://w3id.org/protys/fixture#Load00001_Flow_Biocide,http://w3id.org/protys/fixture#Load00001,http://w3id.org/protys/fixture#Load00001_Process,http://w3id.org/protys/fixture#Biocide,http://w3id.org/protys/fixture#Supplier_B,1.14,kg,RECIPE_ONCE_PER_PROCESS,SIMULATED_PRODUCTION_CASE
http://w3id.org/protys/fixture#Load00002_Flow_TitaniumDioxide,http://w3id.org/protys/fixture#Load00002,http://w3id.org/protys/fixture#Load00002_Process,http://w3id.org/protys/fixture#TitaniumDioxide,http://w3id.org/protys/fixture#Supplier_A,20.6,kg,RECIPE_ONCE_PER_PROCESS,SIMULATED_PRODUCTION_CASE
http://w3id.org/protys/fixture#Load00002_Flow_AcrylicResin,http://w3id.org/protys/fixture#Load00002,http://w3id.org/protys/fixture#Load00002_Process,http://w3id.org/protys/fixture#AcrylicResin,http://w3id.org/protys/fixture#Supplier_B,30.9,kg,RECIPE_ONCE_PER_PROCESS,SIMULATED_PRODUCTION_CASE
http://w3id.org/protys/fixture#Load00002_Flow_Water,http://w3id.org/protys/fixture#Load00002,http://w3id.org/protys/fixture#Load00002_Process,http://w3id.org/protys/fixture#Water,http://w3id.org/protys/fixture#Supplier_A,50.47,kg,RECIPE_ONCE_PER_PROCESS,SIMULATED_PRODUCTION_CASE
http://w3id.org/protys/fixture#Load00002_Flow_Biocide,http://w3id.org/protys/fixture#Load00002,http://w3id.org/protys/fixture#Load00002_Process,http://w3id.org/protys/fixture#Biocide,http://w3id.org/protys/fixture#Supplier_B,1.03,kg,RECIPE_ONCE_PER_PROCESS,SIMULATED_PRODUCTION_CASE
http://w3id.org/protys/fixture#Load00003_Flow_TitaniumDioxide,http://w3id.org/protys/fixture#Load00003,http://w3id.org/protys/fixture#Load00003_Process,http://w3id.org/protys/fixture#TitaniumDioxide,http://w3id.org/protys/fixture#Supplier_A,38.8,kg,RECIPE_ONCE_PER_PROCESS,SIMULATED_PRODUCTION_CASE
http://w3id.org/protys/fixture#Load00003_Flow_AcrylicResin,http://w3id.org/protys/fixture#Load00003,http://w3id.org/protys/fixture#Load00003_Process,http://w3id.org/protys/fixture#AcrylicResin,http://w3id.org/protys/fixture#Supplier_B,58.2,kg,RECIPE_ONCE_PER_PROCESS,SIMULATED_PRODUCTION_CASE
http://w3id.org/protys/fixture#Load00003_Flow_Water,http://w3id.org/protys/fixture#Load00003,http://w3id.org/protys/fixture#Load00003_Process,http://w3id.org/protys/fixture#Water,http://w3id.org/protys/fixture#Supplier_A,95.06,kg,RECIPE_ONCE_PER_PROCESS,SIMULATED_PRODUCTION_CASE
http://w3id.org/protys/fixture#Load00003_Flow_Biocide,http://w3id.org/protys/fixture#Load00003,http://w3id.org/protys/fixture#Load00003_Process,http://w3id.org/protys/fixture#Biocide,http://w3id.org/protys/fixture#Supplier_B,1.94,kg,RECIPE_ONCE_PER_PROCESS,SIMULATED_PRODUCTION_CASE
http://w3id.org/protys/fixture#Load00004_Flow_TitaniumDioxide,http://w3id.org/protys/fixture#Load00004,http://w3id.org/protys/fixture#Load00004_Process,http://w3id.org/protys/fixture#TitaniumDioxide,http://w3id.org/protys/fixture#Supplier_A,27,kg,RECIPE_ONCE_PER_PROCESS,SIMULATED_PRODUCTION_CASE
http://w3id.org/protys/fixture#Load00004_Flow_AcrylicResin,http://w3id.org/protys/fixture#Load00004,http://w3id.org/protys/fixture#Load00004_Process,http://w3id.org/protys/fixture#AcrylicResin,http://w3id.org/protys/fixture#Supplier_B,40.5,kg,RECIPE_ONCE_PER_PROCESS,SIMULATED_PRODUCTION_CASE
http://w3id.org/protys/fixture#Load00004_Flow_Water,http://w3id.org/protys/fixture#Load00004,http://w3id.org/protys/fixture#Load00004_Process,http://w3id.org/protys/fixture#Water,http://w3id.org/protys/fixture#Supplier_A,66.15,kg,RECIPE_ONCE_PER_PROCESS,SIMULATED_PRODUCTION_CASE
http://w3id.org/protys/fixture#Load00004_Flow_Biocide,http://w3id.org/protys/fixture#Load00004,http://w3id.org/protys/fixture#Load00004_Process,http://w3id.org/protys/fixture#Biocide,http://w3id.org/protys/fixture#Supplier_B,1.35,kg,RECIPE_ONCE_PER_PROCESS,SIMULATED_PRODUCTION_CASE
http://w3id.org/protys/fixture#Load00005_Flow_TitaniumDioxide,http://w3id.org/protys/fixture#Load00005,http://w3id.org/protys/fixture#Load00005_Process,http://w3id.org/protys/fixture#TitaniumDioxide,http://w3id.org/protys/fixture#Supplier_A,26.2,kg,RECIPE_ONCE_PER_PROCESS,SIMULATED_PRODUCTION_CASE
http://w3id.org/protys/fixture#Load00005_Flow_AcrylicResin,http://w3id.org/protys/fixture#Load00005,http://w3id.org/protys/fixture#Load00005_Process,http://w3id.org/protys/fixture#AcrylicResin,http://w3id.org/protys/fixture#Supplier_B,39.3,kg,RECIPE_ONCE_PER_PROCESS,SIMULATED_PRODUCTION_CASE
http://w3id.org/protys/fixture#Load00005_Flow_Water,http://w3id.org/protys/fixture#Load00005,http://w3id.org/protys/fixture#Load00005_Process,http://w3id.org/protys/fixture#Water,http://w3id.org/protys/fixture#Supplier_A,64.19,kg,RECIPE_ONCE_PER_PROCESS,SIMULATED_PRODUCTION_CASE
http://w3id.org/protys/fixture#Load00005_Flow_Biocide,http://w3id.org/protys/fixture#Load00005,http://w3id.org/protys/fixture#Load00005_Process,http://w3id.org/protys/fixture#Biocide,http://w3id.org/protys/fixture#Supplier_B,1.31,kg,RECIPE_ONCE_PER_PROCESS,SIMULATED_PRODUCTION_CASE
http://w3id.org/protys/fixture#Load00006_Flow_TitaniumDioxide,http://w3id.org/protys/fixture#Load00006,http://w3id.org/protys/fixture#Load00006_Process,http://w3id.org/protys/fixture#TitaniumDioxide,http://w3id.org/protys/fixture#Supplier_A,25.6,kg,RECIPE_ONCE_PER_PROCESS,SIMULATED_PRODUCTION_CASE
http://w3id.org/protys/fixture#Load00006_Flow_AcrylicResin,http://w3id.org/protys/fixture#Load00006,http://w3id.org/protys/fixture#Load00006_Process,http://w3id.org/protys/fixture#AcrylicResin,http://w3id.org/protys/fixture#Supplier_B,38.4,kg,RECIPE_ONCE_PER_PROCESS,SIMULATED_PRODUCTION_CASE
http://w3id.org/protys/fixture#Load00006_Flow_Water,http://w3id.org/protys/fixture#Load00006,http://w3id.org/protys/fixture#Load00006_Process,http://w3id.org/protys/fixture#Water,http://w3id.org/protys/fixture#Supplier_A,62.72,kg,RECIPE_ONCE_PER_PROCESS,SIMULATED_PRODUCTION_CASE
http://w3id.org/protys/fixture#Load00006_Flow_Biocide,http://w3id.org/protys/fixture#Load00006,http://w3id.org/protys/fixture#Load00006_Process,http://w3id.org/protys/fixture#Biocide,http://w3id.org/protys/fixture#Supplier_B,1.28,kg,RECIPE_ONCE_PER_PROCESS,SIMULATED_PRODUCTION_CASE
http://w3id.org/protys/fixture#Load00007_Flow_TitaniumDioxide,http://w3id.org/protys/fixture#Load00007,http://w3id.org/protys/fixture#Load00007_Process,http://w3id.org/protys/fixture#TitaniumDioxide,http://w3id.org/protys/fixture#Supplier_A,23.4,kg,RECIPE_ONCE_PER_PROCESS,SIMULATED_PRODUCTION_CASE
http://w3id.org/protys/fixture#Load00007_Flow_AcrylicResin,http://w3id.org/protys/fixture#Load00007,http://w3id.org/protys/fixture#Load00007_Process,http://w3id.org/protys/fixture#AcrylicResin,http://w3id.org/protys/fixture#Supplier_B,35.1,kg,RECIPE_ONCE_PER_PROCESS,SIMULATED_PRODUCTION_CASE
http://w3id.org/protys/fixture#Load00007_Flow_Water,http://w3id.org/protys/fixture#Load00007,http://w3id.org/protys/fixture#Load00007_Process,http://w3id.org/protys/fixture#Water,http://w3id.org/protys/fixture#Supplier_A,57.33,kg,RECIPE_ONCE_PER_PROCESS,SIMULATED_PRODUCTION_CASE
http://w3id.org/protys/fixture#Load00007_Flow_Biocide,http://w3id.org/protys/fixture#Load00007,http://w3id.org/protys/fixture#Load00007_Process,http://w3id.org/protys/fixture#Biocide,http://w3id.org/protys/fixture#Supplier_B,1.17,kg,RECIPE_ONCE_PER_PROCESS,SIMULATED_PRODUCTION_CASE
http://w3id.org/protys/fixture#Load00008_Flow_TitaniumDioxide,http://w3id.org/protys/fixture#Load00008,http://w3id.org/protys/fixture#Load00008_Process,http://w3id.org/protys/fixture#TitaniumDioxide,http://w3id.org/protys/fixture#Supplier_A,38.8,kg,RECIPE_ONCE_PER_PROCESS,SIMULATED_PRODUCTION_CASE
http://w3id.org/protys/fixture#Load00008_Flow_AcrylicResin,http://w3id.org/protys/fixture#Load00008,http://w3id.org/protys/fixture#Load00008_Process,http://w3id.org/protys/fixture#AcrylicResin,http://w3id.org/protys/fixture#Supplier_B,58.2,kg,RECIPE_ONCE_PER_PROCESS,SIMULATED_PRODUCTION_CASE
http://w3id.org/protys/fixture#Load00008_Flow_Water,http://w3id.org/protys/fixture#Load00008,http://w3id.org/protys/fixture#Load00008_Process,http://w3id.org/protys/fixture#Water,http://w3id.org/protys/fixture#Supplier_A,95.06,kg,RECIPE_ONCE_PER_PROCESS,SIMULATED_PRODUCTION_CASE
http://w3id.org/protys/fixture#Load00008_Flow_Biocide,http://w3id.org/protys/fixture#Load00008,http://w3id.org/protys/fixture#Load00008_Process,http://w3id.org/protys/fixture#Biocide,http://w3id.org/protys/fixture#Supplier_B,1.94,kg,RECIPE_ONCE_PER_PROCESS,SIMULATED_PRODUCTION_CASE
http://w3id.org/protys/fixture#Load00009_Flow_TitaniumDioxide,http://w3id.org/protys/fixture#Load00009,http://w3id.org/protys/fixture#Load00009_Process,http://w3id.org/protys/fixture#TitaniumDioxide,http://w3id.org/protys/fixture#Supplier_A,22.6,kg,RECIPE_ONCE_PER_PROCESS,SIMULATED_PRODUCTION_CASE
http://w3id.org/protys/fixture#Load00009_Flow_AcrylicResin,http://w3id.org/protys/fixture#Load00009,http://w3id.org/protys/fixture#Load00009_Process,http://w3id.org/protys/fixture#AcrylicResin,http://w3id.org/protys/fixture#Supplier_B,33.9,kg,RECIPE_ONCE_PER_PROCESS,SIMULATED_PRODUCTION_CASE
http://w3id.org/protys/fixture#Load00009_Flow_Water,http://w3id.org/protys/fixture#Load00009,http://w3id.org/protys/fixture#Load00009_Process,http://w3id.org/protys/fixture#Water,http://w3id.org/protys/fixture#Supplier_A,55.37,kg,RECIPE_ONCE_PER_PROCESS,SIMULATED_PRODUCTION_CASE
http://w3id.org/protys/fixture#Load00009_Flow_Biocide,http://w3id.org/protys/fixture#Load00009,http://w3id.org/protys/fixture#Load00009_Process,http://w3id.org/protys/fixture#Biocide,http://w3id.org/protys/fixture#Supplier_B,1.13,kg,RECIPE_ONCE_PER_PROCESS,SIMULATED_PRODUCTION_CASE
http://w3id.org/protys/fixture#Load00010_Flow_TitaniumDioxide,http://w3id.org/protys/fixture#Load00010,http://w3id.org/protys/fixture#Load00010_Process,http://w3id.org/protys/fixture#TitaniumDioxide,http://w3id.org/protys/fixture#Supplier_A,37.2,kg,RECIPE_ONCE_PER_PROCESS,SIMULATED_PRODUCTION_CASE
http://w3id.org/protys/fixture#Load00010_Flow_AcrylicResin,http://w3id.org/protys/fixture#Load00010,http://w3id.org/protys/fixture#Load00010_Process,http://w3id.org/protys/fixture#AcrylicResin,http://w3id.org/protys/fixture#Supplier_B,55.8,kg,RECIPE_ONCE_PER_PROCESS,SIMULATED_PRODUCTION_CASE
http://w3id.org/protys/fixture#Load00010_Flow_Water,http://w3id.org/protys/fixture#Load00010,http://w3id.org/protys/fixture#Load00010_Process,http://w3id.org/protys/fixture#Water,http://w3id.org/protys/fixture#Supplier_A,91.14,kg,RECIPE_ONCE_PER_PROCESS,SIMULATED_PRODUCTION_CASE
http://w3id.org/protys/fixture#Load00010_Flow_Biocide,http://w3id.org/protys/fixture#Load00010,http://w3id.org/protys/fixture#Load00010_Process,http://w3id.org/protys/fixture#Biocide,http://w3id.org/protys/fixture#Supplier_B,1.86,kg,RECIPE_ONCE_PER_PROCESS,SIMULATED_PRODUCTION_CASE
http://w3id.org/protys/fixture#Load00011_Flow_TitaniumDioxide,http://w3id.org/protys/fixture#Load00011,http://w3id.org/protys/fixture#Load00011_Process,http://w3id.org/protys/fixture#TitaniumDioxide,http://w3id.org/protys/fixture#Supplier_A,38.8,kg,RECIPE_ONCE_PER_PROCESS,SIMULATED_PRODUCTION_CASE
http://w3id.org/protys/fixture#Load00011_Flow_AcrylicResin,http://w3id.org/protys/fixture#Load00011,http://w3id.org/protys/fixture#Load00011_Process,http://w3id.org/protys/fixture#AcrylicResin,http://w3id.org/protys/fixture#Supplier_B,58.2,kg,RECIPE_ONCE_PER_PROCESS,SIMULATED_PRODUCTION_CASE
http://w3id.org/protys/fixture#Load00011_Flow_Water,http://w3id.org/protys/fixture#Load00011,http://w3id.org/protys/fixture#Load00011_Process,http://w3id.org/protys/fixture#Water,http://w3id.org/protys/fixture#Supplier_A,95.06,kg,RECIPE_ONCE_PER_PROCESS,SIMULATED_PRODUCTION_CASE
http://w3id.org/protys/fixture#Load00011_Flow_Biocide,http://w3id.org/protys/fixture#Load00011,http://w3id.org/protys/fixture#Load00011_Process,http://w3id.org/protys/fixture#Biocide,http://w3id.org/protys/fixture#Supplier_B,1.94,kg,RECIPE_ONCE_PER_PROCESS,SIMULATED_PRODUCTION_CASE
http://w3id.org/protys/fixture#Load00012_Flow_TitaniumDioxide,http://w3id.org/protys/fixture#Load00012,http://w3id.org/protys/fixture#Load00012_Process,http://w3id.org/protys/fixture#TitaniumDioxide,http://w3id.org/protys/fixture#Supplier_A,33.8,kg,RECIPE_ONCE_PER_PROCESS,SIMULATED_PRODUCTION_CASE
http://w3id.org/protys/fixture#Load00012_Flow_AcrylicResin,http://w3id.org/protys/fixture#Load00012,http://w3id.org/protys/fixture#Load00012_Process,http://w3id.org/protys/fixture#AcrylicResin,http://w3id.org/protys/fixture#Supplier_B,50.7,kg,RECIPE_ONCE_PER_PROCESS,SIMULATED_PRODUCTION_CASE
http://w3id.org/protys/fixture#Load00012_Flow_Water,http://w3id.org/protys/fixture#Load00012,http://w3id.org/protys/fixture#Load00012_Process,http://w3id.org/protys/fixture#Water,http://w3id.org/protys/fixture#Supplier_A,82.81,kg,RECIPE_ONCE_PER_PROCESS,SIMULATED_PRODUCTION_CASE
http://w3id.org/protys/fixture#Load00012_Flow_Biocide,http://w3id.org/protys/fixture#Load00012,http://w3id.org/protys/fixture#Load00012_Process,http://w3id.org/protys/fixture#Biocide,http://w3id.org/protys/fixture#Supplier_B,1.69,kg,RECIPE_ONCE_PER_PROCESS,SIMULATED_PRODUCTION_CASE
http://w3id.org/protys/fixture#Load00013_Flow_TitaniumDioxide,http://w3id.org/protys/fixture#Load00013,http://w3id.org/protys/fixture#Load00013_Process,http://w3id.org/protys/fixture#TitaniumDioxide,http://w3id.org/protys/fixture#Supplier_A,22.2,kg,RECIPE_ONCE_PER_PROCESS,SIMULATED_PRODUCTION_CASE
http://w3id.org/protys/fixture#Load00013_Flow_AcrylicResin,http://w3id.org/protys/fixture#Load00013,http://w3id.org/protys/fixture#Load00013_Process,http://w3id.org/protys/fixture#AcrylicResin,http://w3id.org/protys/fixture#Supplier_B,33.3,kg,RECIPE_ONCE_PER_PROCESS,SIMULATED_PRODUCTION_CASE
http://w3id.org/protys/fixture#Load00013_Flow_Water,http://w3id.org/protys/fixture#Load00013,http://w3id.org/protys/fixture#Load00013_Process,http://w3id.org/protys/fixture#Water,http://w3id.org/protys/fixture#Supplier_A,54.39,kg,RECIPE_ONCE_PER_PROCESS,SIMULATED_PRODUCTION_CASE
http://w3id.org/protys/fixture#Load00013_Flow_Biocide,http://w3id.org/protys/fixture#Load00013,http://w3id.org/protys/fixture#Load00013_Process,http://w3id.org/protys/fixture#Biocide,http://w3id.org/protys/fixture#Supplier_B,1.11,kg,RECIPE_ONCE_PER_PROCESS,SIMULATED_PRODUCTION_CASE
http://w3id.org/protys/fixture#Load00014_Flow_TitaniumDioxide,http://w3id.org/protys/fixture#Load00014,http://w3id.org/protys/fixture#Load00014_Process,http://w3id.org/protys/fixture#TitaniumDioxide,http://w3id.org/protys/fixture#Supplier_A,35,kg,RECIPE_ONCE_PER_PROCESS,SIMULATED_PRODUCTION_CASE
http://w3id.org/protys/fixture#Load00014_Flow_AcrylicResin,http://w3id.org/protys/fixture#Load00014,http://w3id.org/protys/fixture#Load00014_Process,http://w3id.org/protys/fixture#AcrylicResin,http://w3id.org/protys/fixture#Supplier_B,52.5,kg,RECIPE_ONCE_PER_PROCESS,SIMULATED_PRODUCTION_CASE
http://w3id.org/protys/fixture#Load00014_Flow_Water,http://w3id.org/protys/fixture#Load00014,http://w3id.org/protys/fixture#Load00014_Process,http://w3id.org/protys/fixture#Water,http://w3id.org/protys/fixture#Supplier_A,85.75,kg,RECIPE_ONCE_PER_PROCESS,SIMULATED_PRODUCTION_CASE
http://w3id.org/protys/fixture#Load00014_Flow_Biocide,http://w3id.org/protys/fixture#Load00014,http://w3id.org/protys/fixture#Load00014_Process,http://w3id.org/protys/fixture#Biocide,http://w3id.org/protys/fixture#Supplier_B,1.75,kg,RECIPE_ONCE_PER_PROCESS,SIMULATED_PRODUCTION_CASE
http://w3id.org/protys/fixture#Load00015_Flow_TitaniumDioxide,http://w3id.org/protys/fixture#Load00015,http://w3id.org/protys/fixture#Load00015_Process,http://w3id.org/protys/fixture#TitaniumDioxide,http://w3id.org/protys/fixture#Supplier_A,30.8,kg,RECIPE_ONCE_PER_PROCESS,SIMULATED_PRODUCTION_CASE
http://w3id.org/protys/fixture#Load00015_Flow_AcrylicResin,http://w3id.org/protys/fixture#Load00015,http://w3id.org/protys/fixture#Load00015_Process,http://w3id.org/protys/fixture#AcrylicResin,http://w3id.org/protys/fixture#Supplier_B,46.2,kg,RECIPE_ONCE_PER_PROCESS,SIMULATED_PRODUCTION_CASE
http://w3id.org/protys/fixture#Load00015_Flow_Water,http://w3id.org/protys/fixture#Load00015,http://w3id.org/protys/fixture#Load00015_Process,http://w3id.org/protys/fixture#Water,http://w3id.org/protys/fixture#Supplier_A,75.46,kg,RECIPE_ONCE_PER_PROCESS,SIMULATED_PRODUCTION_CASE
http://w3id.org/protys/fixture#Load00015_Flow_Biocide,http://w3id.org/protys/fixture#Load00015,http://w3id.org/protys/fixture#Load00015_Process,http://w3id.org/protys/fixture#Biocide,http://w3id.org/protys/fixture#Supplier_B,1.54,kg,RECIPE_ONCE_PER_PROCESS,SIMULATED_PRODUCTION_CASE
http://w3id.org/protys/fixture#Load00016_Flow_TitaniumDioxide,http://w3id.org/protys/fixture#Load00016,http://w3id.org/protys/fixture#Load00016_Process,http://w3id.org/protys/fixture#TitaniumDioxide,http://w3id.org/protys/fixture#Supplier_A,20.8,kg,RECIPE_ONCE_PER_PROCESS,SIMULATED_PRODUCTION_CASE
http://w3id.org/protys/fixture#Load00016_Flow_AcrylicResin,http://w3id.org/protys/fixture#Load00016,http://w3id.org/protys/fixture#Load00016_Process,http://w3id.org/protys/fixture#AcrylicResin,http://w3id.org/protys/fixture#Supplier_B,31.2,kg,RECIPE_ONCE_PER_PROCESS,SIMULATED_PRODUCTION_CASE
http://w3id.org/protys/fixture#Load00016_Flow_Water,http://w3id.org/protys/fixture#Load00016,http://w3id.org/protys/fixture#Load00016_Process,http://w3id.org/protys/fixture#Water,http://w3id.org/protys/fixture#Supplier_A,50.96,kg,RECIPE_ONCE_PER_PROCESS,SIMULATED_PRODUCTION_CASE
http://w3id.org/protys/fixture#Load00016_Flow_Biocide,http://w3id.org/protys/fixture#Load00016,http://w3id.org/protys/fixture#Load00016_Process,http://w3id.org/protys/fixture#Biocide,http://w3id.org/protys/fixture#Supplier_B,1.04,kg,RECIPE_ONCE_PER_PROCESS,SIMULATED_PRODUCTION_CASE
http://w3id.org/protys/fixture#Load00017_Flow_TitaniumDioxide,http://w3id.org/protys/fixture#Load00017,http://w3id.org/protys/fixture#Load00017_Process,http://w3id.org/protys/fixture#TitaniumDioxide,http://w3id.org/protys/fixture#Supplier_A,20.6,kg,RECIPE_ONCE_PER_PROCESS,SIMULATED_PRODUCTION_CASE
http://w3id.org/protys/fixture#Load00017_Flow_AcrylicResin,http://w3id.org/protys/fixture#Load00017,http://w3id.org/protys/fixture#Load00017_Process,http://w3id.org/protys/fixture#AcrylicResin,http://w3id.org/protys/fixture#Supplier_B,30.9,kg,RECIPE_ONCE_PER_PROCESS,SIMULATED_PRODUCTION_CASE
http://w3id.org/protys/fixture#Load00017_Flow_Water,http://w3id.org/protys/fixture#Load00017,http://w3id.org/protys/fixture#Load00017_Process,http://w3id.org/protys/fixture#Water,http://w3id.org/protys/fixture#Supplier_A,50.47,kg,RECIPE_ONCE_PER_PROCESS,SIMULATED_PRODUCTION_CASE
http://w3id.org/protys/fixture#Load00017_Flow_Biocide,http://w3id.org/protys/fixture#Load00017,http://w3id.org/protys/fixture#Load00017_Process,http://w3id.org/protys/fixture#Biocide,http://w3id.org/protys/fixture#Supplier_B,1.03,kg,RECIPE_ONCE_PER_PROCESS,SIMULATED_PRODUCTION_CASE
http://w3id.org/protys/fixture#Load00018_Flow_TitaniumDioxide,http://w3id.org/protys/fixture#Load00018,http://w3id.org/protys/fixture#Load00018_Process,http://w3id.org/protys/fixture#TitaniumDioxide,http://w3id.org/protys/fixture#Supplier_A,22.2,kg,RECIPE_ONCE_PER_PROCESS,SIMULATED_PRODUCTION_CASE
http://w3id.org/protys/fixture#Load00018_Flow_AcrylicResin,http://w3id.org/protys/fixture#Load00018,http://w3id.org/protys/fixture#Load00018_Process,http://w3id.org/protys/fixture#AcrylicResin,http://w3id.org/protys/fixture#Supplier_B,33.3,kg,RECIPE_ONCE_PER_PROCESS,SIMULATED_PRODUCTION_CASE
http://w3id.org/protys/fixture#Load00018_Flow_Water,http://w3id.org/protys/fixture#Load00018,http://w3id.org/protys/fixture#Load00018_Process,http://w3id.org/protys/fixture#Water,http://w3id.org/protys/fixture#Supplier_A,54.39,kg,RECIPE_ONCE_PER_PROCESS,SIMULATED_PRODUCTION_CASE
http://w3id.org/protys/fixture#Load00018_Flow_Biocide,http://w3id.org/protys/fixture#Load00018,http://w3id.org/protys/fixture#Load00018_Process,http://w3id.org/protys/fixture#Biocide,http://w3id.org/protys/fixture#Supplier_B,1.11,kg,RECIPE_ONCE_PER_PROCESS,SIMULATED_PRODUCTION_CASE
http://w3id.org/protys/fixture#Load00019_Flow_TitaniumDioxide,http://w3id.org/protys/fixture#Load00019,http://w3id.org/protys/fixture#Load00019_Process,http://w3id.org/protys/fixture#TitaniumDioxide,http://w3id.org/protys/fixture#Supplier_A,25.4,kg,RECIPE_ONCE_PER_PROCESS,SIMULATED_PRODUCTION_CASE
http://w3id.org/protys/fixture#Load00019_Flow_AcrylicResin,http://w3id.org/protys/fixture#Load00019,http://w3id.org/protys/fixture#Load00019_Process,http://w3id.org/protys/fixture#AcrylicResin,http://w3id.org/protys/fixture#Supplier_B,38.1,kg,RECIPE_ONCE_PER_PROCESS,SIMULATED_PRODUCTION_CASE
http://w3id.org/protys/fixture#Load00019_Flow_Water,http://w3id.org/protys/fixture#Load00019,http://w3id.org/protys/fixture#Load00019_Process,http://w3id.org/protys/fixture#Water,http://w3id.org/protys/fixture#Supplier_A,62.23,kg,RECIPE_ONCE_PER_PROCESS,SIMULATED_PRODUCTION_CASE
http://w3id.org/protys/fixture#Load00019_Flow_Biocide,http://w3id.org/protys/fixture#Load00019,http://w3id.org/protys/fixture#Load00019_Process,http://w3id.org/protys/fixture#Biocide,http://w3id.org/protys/fixture#Supplier_B,1.27,kg,RECIPE_ONCE_PER_PROCESS,SIMULATED_PRODUCTION_CASE
