operation_iri,lot_iri,manufacturing_process_iri,lci_representation_iri,energy_value,energy_unit,factor_iri,inventory_scope,scenario_role
http://w3id.org/protys/fixture#Load00000_Op1,http://w3id.org/protys/fixture#Load00000,http://w3id.org/protys/fixture#Load00000_Process,http://w3id.org/protys/fixture#Load00000_LCIProcess,0,kWh,http://w3id.org/protys/fixture#GridFactor,ELECTRICITY_CONSUMED_IN_PRODUCTION_ONLY,SIMULATED_PRODUCTION_CASE
http://w3id.org/protys/fixture#Load00000_Op2,http://w3id.org/protys/fixture#Load00000,http://w3id.org/protys/fixture#Load00000_Process,http://w3id.org/protys/fixture#Load00000_LCIProcess,10,kWh,http://w3id.org/protys/fixture#GridFactor,ELECTRICITY_CONSUMED_IN_PRODUCTION_ONLY,SIMULATED_PRODUCTION_CASE
http://w3id.org/protys/fixture#Load00000_Op3,http://w3id.org/protys/fixture#Load00000,http://w3id.org/protys/fixture#Load00000_Process,http://w3id.org/protys/fixture#Load00000_LCIProcess,75,kWh,http://w3id.org/protys/fixture#GridFactor,ELECTRICITY_CONSUMED_IN_PRODUCTION_ONLY,SIMULATED_PRODUCTION_CASE
http://w3id.org/protys/fixture#Load00000_Op4,http://w3id.org/protys/fixture#Load00000,http://w3id.org/protys/fixture#Load00000_Process,http://w3id.org/protys/fixture#Load00000_LCIProcess,26.666667,kWh,http://w3id.org/protys/fixture#GridFactor,ELECTRICITY_CONSUMED_IN_PRODUCTION_ONLY,SIMULATED_PRODUCTION_CASE
http://w3id.org/protys/fixture#Load00000_Op5,http://w3id.org/protys/fixture#Load00000,http://w3id.org/protys/fixture#Load00000_Process,http://w3id.org/protys/fixture#Load00000_LCIProcess,3.333333,kWh,http://w3id.org/protys/fixture#GridFactor,ELECTRICITY_CONSUMED_IN_PRODUCTION_ONLY,SIMULATED_PRODUCTION_CASE
http://w3id.org/protys/fixture#Load00000_Op6,http://w3id.org/protys/fixture#Load00000,http://w3id.org/protys/fixture#Load00000_Process,http://w3id.org/protys/fixture#Load00000_LCIProcess,0,kWh,http://w3id.org/protys/fixture#GridFactor,ELECTRICITY_CONSUMED_IN_PRODUCTION_ONLY,SIMULATED_PRODUCTION_CASE
http://w3id.org/protys/fixture#Load00000_Op7,http://w3id.org/protys/fixture#Load00000,http://w3id.org/protys/fixture#Load00000_Process,http://w3id.org/protys/fixture#Load00000_LCIProcess,0.333333,kWh,http://w3id.org/protys/fixture#GridFactor,ELECTRICITY_CONSUMED_IN_PRODUCTION_ONLY,SIMULATED_PRODUCTION_CASE
http://w3id.org/protys/fixture#Load00001_Op1,http://w3id.org/protys/fixture#Load00001,http://w3id.org/protys/fixture#Load00001_Process,http://w3id.org/protys/fixture#Load00001_LCIProcess,0,kWh,http://w3id.org/protys/fixture#GridFactor,ELECTRICITY_CONSUMED_IN_PRODUCTION_ONLY,SIMULATED_PRODUCTION_CASE
http://w3id.org/protys/fixture#Load00001_Op2,http://w3id.org/protys/fixture#Load00001,http://w3id.org/protys/fixture#Load00001_Process,http://w3id.org/protys/fixture#Load00001_LCIProcess,10,kWh,http://w3id.org/protys/fixture#GridFactor,ELECTRICITY_CONSUMED_IN_PRODUCTION_ONLY,SIMULATED_PRODUCTION_CASE
http://w3id.org/protys/fixture#Load00001_Op3,http://w3id.org/protys/fixture#Load00001,http://w3id.org/protys/fixture#Load00001_Process,http://w3id.org/protys/fixture#Load00001_LCIProcess,75,kWh,http://w3id.org/protys/fixture#GridFactor,ELECTRICITY_CONSUMED_IN_PRODUCTION_ONLY,SIMULATED_PRODUCTION_CASE
http://w3id.org/protys/fixture#Load00001_Op4,http://w3id.org/protys/fixture#Load00001,http://w3id.org/protys/fixture#Load00001_Process,http://w3id.org/protys/fixture#Load00001_LCIProcess,26.666667,kWh,http://w3id.org/protys/fixture#GridFactor,ELECTRICITY_CONSUMED_IN_PRODUCTION_ONLY,SIMULATED_PRODUCTION_CASE
http://w3id.org/protys/fixture#Load00001_Op5,http://w3id.org/protys/fixture#Load00001,http://w3id.org/protys/fixture#Load00001_Process,http://w3id.org/protys/fixture#Load00001_LCIProcess,3.333333,kWh,http://w3id.org/protys/fixture#GridFactor,ELECTRICITY_CONSUMED_IN_PRODUCTION_ONLY,SIMULATED_PRODUCTION_CASE
http://w3id.org/protys/fixture#Load00001_Op6,http://w3id.org/protys/fixture#Load00001,http://w3id.org/protys/fixture#Load00001_Process,http://w3id.org/protys/fixture#Load00001_LCIProcess,0,kWh,http://w3id.org/protys/fixture#GridFactor,ELECTRICITY_CONSUMED_IN_PRODUCTION_ONLY,SIMULATED_PRODUCTION_CASE
http://w3id.org/protys/fixture#Load00001_Op7,http://w3id.org/protys/fixture#Load00001,http://w3id.org/protys/fixture#Load00001_Process,http://w3id.org/protys/fixture#Load00001_LCIProcess,0.333333,kWh,http://w3id.org/protys/fixture#GridFactor,ELECTRICITY_CONSUMED_IN_PRODUCTION_ONLY,SIMULATED_PRODUCTION_CASE
http://w3id.org/protys/fixture#Load00002_Op1,http://w3id.org/protys/fixture#Load00002,http://w3id.org/protys/fixture#Load00002_Process,http://w3id.org/protys/fixture#Load00002_LCIProcess,0,kWh,http://w3id.org/protys/fixture#GridFactor,ELECTRICITY_CONSUMED_IN_PRODUCTION_ONLY,SIMULATED_PRODUCTION_CASE
http://w3id.org/protys/fixture#Load00002_Op2,http://w3id.org/protys/fixture#Load00002,http://w3id.org/protys/fixture#Load00002_Process,http://w3id.org/protys/fixture#Load00002_LCIProcess,10,kWh,http://w3id.org/protys/fixture#GridFactor,ELECTRICITY_CONSUMED_IN_PRODUCTION_ONLY,SIMULATED_PRODUCTION_CASE
http://w3id.org/protys/fixture#Load00002_Op3,http://w3id.org/protys/fixture#Load00002,http://w3id.org/protys/fixture#Load00002_Process,http://w3id.org/protys/fixture#Load00002_LCIProcess,75,kWh,http://w3id.org/protys/fixture#GridFactor,ELECTRICITY_CONSUMED_IN_PRODUCTION_ONLY,SIMULATED_PRODUCTION_CASE
http://w3id.org/protys/fixture#Load00002_Op4,http://w3id.org/protys/fixture#Load00002,http://w3id.org/protys/fixture#Load00002_Process,http://w3id.org/protys/fixture#Load00002_LCIProcess,26.666667,kWh,http://w3id.org/protys/fixture#GridFactor,ELECTRICITY_CONSUMED_IN_PRODUCTION_ONLY,SIMULATED_PRODUCTION_CASE
http://w3id.org/protys/fixture#Load00002_Op5,http://w3id.org/protys/fixture#Load00002,http://w3id.org/protys/fixture#Load00002_Process,http://w3id.org/protys/fixture#Load00002_LCIProcess,3.333333,kWh,http://w3id.org/protys/fixture#GridFactor,ELECTRICITY_CONSUMED_IN_PRODUCTION_ONLY,SIMULATED_PRODUCTION_CASE
http://w3id.org/protys/fixture#Load00002_Op6,http://w3id.org/protys/fixture#Load00002,http://w3id.org/protys/fixture#Load00002_Process,http://w3id.org/protys/fixture#Load00002_LCIProcess,0,kWh,http://w3id.org/protys/fixture#GridFactor,ELECTRICITY_CONSUMED_IN_PRODUCTION_ONLY,SIMULATED_PRODUCTION_CASE
http://w3id.org/protys/fixture#Load00002_Op7,http://w3id.org/protys/fixture#Load00002,http://w3id.org/protys/fixture#Load00002_Process,http://w3id.org/protys/fixture#Load00002_LCIProcess,0.333333,kWh,http://w3id.org/protys/fixture#GridFactor,ELECTRICITY_CONSUMED_IN_PRODUCTION_ONLY,SIMULATED_PRODUCTION_CASE
http://w3id.org/protys/fixture#Load00003_Op1,http://w3id.org/protys/fixture#Load00003,http://w3id.org/protys/fixture#Load00003_Process,http://w3id.org/protys/fixture#Load00003_LCIProcess,0,kWh,http://w3id.org/protys/fixture#GridFactor,ELECTRICITY_CONSUMED_IN_PRODUCTION_ONLY,SIMULATED_PRODUCTION_CASE
http://w3id.org/protys/fixture#Load00003_Op2,http://w3id.org/protys/fixture#Load00003,http://w3id.org/protys/fixture#Load00003_Process,http://w3id.org/protys/fixture#Load00003_LCIProcess,10,kWh,http://w3id.org/protys/fixture#GridFactor,ELECTRICITY_CONSUMED_IN_PRODUCTION_ONLY,SIMULATED_PRODUCTION_CASE
http://w3id.org/protys/fixture#Load00003_Op3,http://w3id.org/protys/fixture#Load00003,http://w3id.org/protys/fixture#Load00003_Process,http://w3id.org/protys/fixture#Load00003_LCIProcess,75,kWh,http://w3id.org/protys/fixture#GridFactor,ELECTRICITY_CONSUMED_IN_PRODUCTION_ONLY,SIMULATED_PRODUCTION_CASE
http://w3id.org/protys/fixture#Load00003_Op4,http://w3id.org/protys/fixture#Load00003,http://w3id.org/protys/fixture#Load00003_Process,http://w3id.org/protys/fixture#Load00003_LCIProcess,26.666667,kWh,http://w3id.org/protys/fixture#GridFactor,ELECTRICITY_CONSUMED_IN_PRODUCTION_ONLY,SIMULATED_PRODUCTION_CASE
http://w3id.org/protys/fixture#Load00003_Op5,http://w3id.org/protys/fixture#Load00003,http://w3id.org/protys/fixture#Load00003_Process,http://w3id.org/protys/fixture#Load00003_LCIProcess,3.333333,kWh,http://w3id.org/protys/fixture#GridFactor,ELECTRICITY_CONSUMED_IN_PRODUCTION_ONLY,SIMULATED_PRODUCTION_CASE
http://w3id.org/protys/fixture#Load00003_Op6,http://w3id.org/protys/fixture#Load00003,http://w3id.org/protys/fixture#Load00003_Process,http://w3id.org/protys/fixture#Load00003_LCIProcess,0,kWh,http://w3id.org/protys/fixture#GridFactor,ELECTRICITY_CONSUMED_IN_PRODUCTION_ONLY,SIMULATED_PRODUCTION_CASE
http://w3id.org/protys/fixture#Load00003_Op7,http://w3id.org/protys/fixture#Load00003,http://w3id.org/protys/fixture#Load00003_Process,http://w3id.org/protys/fixture#Load00003_LCIProcess,0.333333,kWh,http://w3id.org/protys/fixture#GridFactor,ELECTRICITY_CONSUMED_IN_PRODUCTION_ONLY,SIMULATED_PRODUCTION_CASE
http://w3id.org/protys/fixture#Load00004_Op1,http://w3id.org/protys/fixture#Load00004,http://w3id.org/protys/fixture#Load00004_Process,http://w3id.org/protys/fixture#Load00004_LCIProcess,0,kWh,http://w3id.org/protys/fixture#GridFactor,ELECTRICITY_CONSUMED_IN_PRODUCTION_ONLY,SIMULATED_PRODUCTION_CASE
http://w3id.org/protys/fixture#Load00004_Op2,http://w3id.org/protys/fixture#Load00004,http://w3id.org/protys/fixture#Load00004_Process,http://w3id.org/protys/fixture#Load00004_LCIProcess,10,kWh,http://w3id.org/protys/fixture#GridFactor,ELECTRICITY_CONSUMED_IN_PRODUCTION_ONLY,SIMULATED_PRODUCTION_CASE
http://w3id.org/protys/fixture#Load00004_Op3,http://w3id.org/protys/fixture#Load00004,http://w3id.org/protys/fixture#Load00004_Process,http://w3id.org/protys/fixture#Load00004_LCIProcess,75,kWh,http://w3id.org/protys/fixture#GridFactor,ELECTRICITY_CONSUMED_IN_PRODUCTION_ONLY,SIMULATED_PRODUCTION_CASE
http://w3id.org/protys/fixture#Load00004_Op4,http://w3id.org/protys/fixture#Load00004,http://w3id.org/protys/fixture#Load00004_Process,http://w3id.org/protys/fixture#Load00004_LCIProcess,26.666667,kWh,http://w3id.org/protys/fixture#GridFactor,ELECTRICITY_CONSUMED_IN_PRODUCTION_ONLY,SIMULATED_PRODUCTION_CASE
http://w3id.org/protys/fixture#Load00004_Op5,http://w3id.org/protys/fixture#Load00004,http://w3id.org/protys/fixture#Load00004_Process,http://w3id.org/protys/fixture#Load00004_LCIProcess,3.333333,kWh,http://w3id.org/protys/fixture#GridFactor,ELECTRICITY_CONSUMED_IN_PRODUCTION_ONLY,SIMULATED_PRODUCTION_CASE
http://w3id.org/protys/fixture#Load00004_Op6,http://w3id.org/protys/fixture#Load00004,http://w3id.org/protys/fixture#Load00004_Process,http://w3id.org/protys/fixture#Load00004_LCIProcess,0,kWh,http://w3id.org/protys/fixture#GridFactor,ELECTRICITY_CONSUMED_IN_PRODUCTION_ONLY,SIMULATED_PRODUCTION_CASE
http://w3id.org/protys/fixture#Load00004_Op7,http://w3id.org/protys/fixture#Load00004,http://w3id.org/protys/fixture#Load00004_Process,http://w3id.org/protys/fixture#Load00004_LCIProcess,0.333333,kWh,http://w3id.org/protys/fixture#GridFactor,ELECTRICITY_CONSUMED_IN_PRODUCTION_ONLY,SIMULATED_PRODUCTION_CASE
http://w3id.org/protys/fixture#Load00005_Op1,http://w3id.org/protys/fixture#Load00005,http://w3id.org/protys/fixture#Load00005_Process,http://w3id.org/protys/fixture#Load00005_LCIProcess,0,kWh,http://w3id.org/protys/fixture#GridFactor,ELECTRICITY_CONSUMED_IN_PRODUCTION_ONLY,SIMULATED_PRODUCTION_CASE
http://w3id.org/protys/fixture#Load00005_Op2,http://w3id.org/protys/fixture#Load00005,http://w3id.org/protys/fixture#Load00005_Process,http://w3id.org/protys/fixture#Load00005_LCIProcess,10,kWh,http://w3id.org/protys/fixture#GridFactor,ELECTRICITY_CONSUMED_IN_PRODUCTION_ONLY,SIMULATED_PRODUCTION_CASE
http://w3id.org/protys/fixture#Load00005_Op3,http://w3id.org/protys/fixture#Load00005,http://w3id.org/protys/fixture#Load00005_Process,http://w3id.org/protys/fixture#Load00005_LCIProcess,75,kWh,http://w3id.org/protys/fixture#GridFactor,ELECTRICITY_CONSUMED_IN_PRODUCTION_ONLY,SIMULATED_PRODUCTION_CASE
http://w3id.org/protys/fixture#Load00005_Op4,http://w3id.org/protys/fixture#Load00005,http://w3id.org/protys/fixture#Load00005_Process,http://w3id.org/protys/fixture#Load00005_LCIProcess,26.666667,kWh,http://w3id.org/protys/fixture#GridFactor,ELECTRICITY_CONSUMED_IN_PRODUCTION_ONLY,SIMULATED_PRODUCTION_CASE
http://w3id.org/protys/fixture#Load00005_Op5,http://w3id.org/protys/fixture#Load00005,http://w3id.org/protys/fixture#Load00005_Process,http://w3id.org/protys/fixture#Load00005_LCIProcess,3.333333,kWh,http://w3id.org/protys/fixture#GridFactor,ELECTRICITY_CONSUMED_IN_PRODUCTION_ONLY,SIMULATED_PRODUCTION_CASE
http://w3id.org/protys/fixture#Load00005_Op6,http://w3id.org/protys/fixture#Load00005,http://w3id.org/protys/fixture#Load00005_Process,http://w3id.org/protys/fixture#Load00005_LCIProcess,0,kWh,http://w3id.org/protys/fixture#GridFactor,ELECTRICITY_CONSUMED_IN_PRODUCTION_ONLY,SIMULATED_PRODUCTION_CASE
http://w3id.org/protys/fixture#Load00005_Op7,http://w3id.org/protys/fixture#Load00005,http://w3id.org/protys/fixture#Load00005_Process,http://w3id.org/protys/fixture#Load00005_LCIProcess,0.333333,kWh,http://w3id.org/protys/fixture#GridFactor,ELECTRICITY_CONSUMED_IN_PRODUCTION_ONLY,SIMULATED_PRODUCTION_CASE
http://w3id.org/protys/fixture#Load00006_Op1,http://w3id.org/protys/fixture#Load00006,http://w3id.org/protys/fixture#Load00006_Process,http://w3id.org/protys/fixture#Load00006_LCIProcess,0,kWh,http://w3id.org/protys/fixture#GridFactor,ELECTRICITY_CONSUMED_IN_PRODUCTION_ONLY,SIMULATED_PRODUCTION_CASE
http://w3id.org/protys/fixture#Load00006_Op2,http://w3id.org/protys/fixture#Load00006,http://w3id.org/protys/fixture#Load00006_Process,http://w3id.org/protys/fixture#Load00006_LCIProcess,10,kWh,http://w3id.org/protys/fixture#GridFactor,ELECTRICITY_CONSUMED_IN_PRODUCTION_ONLY,SIMULATED_PRODUCTION_CASE
http://w3id.org/protys/fixture#Load00006_Op3,http://w3id.org/protys/fixture#Load00006,http://w3id.org/protys/fixture#Load00006_Process,http://w3id.org/protys/fixture#Load00006_LCIProcess,75,kWh,http://w3id.org/protys/fixture#GridFactor,ELECTRICITY_CONSUMED_IN_PRODUCTION_ONLY,SIMULATED_PRODUCTION_CASE
http://w3id.org/protys/fixture#Load00006_Op4,http://w3id.org/protys/fixture#Load00006,http://w3id.org/protys/fixture#Load00006_Process,http://w3id.org/protys/fixture#Load00006_LCIProcess,26.666667,kWh,http://w3id.org/protys/fixture#GridFactor,ELECTRICITY_CONSUMED_IN_PRODUCTION_ONLY,SIMULATED_PRODUCTION_CASE
http://w3id.org/protys/fixture#Load00006_Op5,http://w3id.org/protys/fixture#Load00006,http://w3id.org/protys/fixture#Load00006_Process,http://w3id.org/protys/fixture#Load00006_LCIProcess,3.333333,kWh,http://w3id.org/protys/fixture#GridFactor,ELECTRICITY_CONSUMED_IN_PRODUCTION_ONLY,SIMULATED_PRODUCTION_CASE
http://w3id.org/protys/fixture#Load00006_Op6,http://w3id.org/protys/fixture#Load00006,http://w3id.org/protys/fixture#Load00006_Process,http://w3id.org/protys/fixture#Load00006_LCIProcess,0,kWh,http://w3id.org/protys/fixture#GridFactor,ELECTRICITY_CONSUMED_IN_PRODUCTION_ONLY,SIMULATED_PRODUCTION_CASE
http://w3id.org/protys/fixture#Load00006_Op7,http://w3id.org/protys/fixture#Load00006,http://w3id.org/protys/fixture#Load00006_Process,http://w3id.org/protys/fixture#Load00006_LCIProcess,0.333333,kWh,http://w3id.org/protys/fixture#GridFactor,ELECTRICITY_CONSUMED_IN_PRODUCTION_ONLY,SIMULATED_PRODUCTION_CASE
http://w3id.org/protys/fixture#Load00007_Op1,http://w3id.org/protys/fixture#Load00007,http://w3id.org/protys/fixture#Load00007_Process,http://w3id.org/protys/fixture#Load00007_LCIProcess,0,kWh,http://w3id.org/protys/fixture#GridFactor,ELECTRICITY_CONSUMED_IN_PRODUCTION_ONLY,SIMULATED_PRODUCTION_CASE
http://w3id.org/protys/fixture#Load00007_Op2,http://w3id.org/protys/fixture#Load00007,http://w3id.org/protys/fixture#Load00007_Process,http://w3id.org/protys/fixture#Load00007_LCIProcess,10,kWh,http://w3id.org/protys/fixture#GridFactor,ELECTRICITY_CONSUMED_IN_PRODUCTION_ONLY,SIMULATED_PRODUCTION_CASE
http://w3id.org/protys/fixture#Load00007_Op3,http://w3id.org/protys/fixture#Load00007,http://w3id.org/protys/fixture#Load00007_Process,http://w3id.org/protys/fixture#Load00007_LCIProcess,75,kWh,http://w3id.org/protys/fixture#GridFactor,ELECTRICITY_CONSUMED_IN_PRODUCTION_ONLY,SIMULATED_PRODUCTION_CASE
http://w3id.org/protys/fixture#Load00007_Op4,http://w3id.org/protys/fixture#Load00007,http://w3id.org/protys/fixture#Load00007_Process,http://w3id.org/protys/fixture#Load00007_LCIProcess,26.666667,kWh,http://w3id.org/protys/fixture#GridFactor,ELECTRICITY_CONSUMED_IN_PRODUCTION_ONLY,SIMULATED_PRODUCTION_CASE
http://w3id.org/protys/fixture#Load00007_Op5,http://w3id.org/protys/fixture#Load00007,http://w3id.org/protys/fixture#Load00007_Process,http://w3id.org/protys/fixture#Load00007_LCIProcess,3.333333,kWh,http://w3id.org/protys/fixture#GridFactor,ELECTRICITY_CONSUMED_IN_PRODUCTION_ONLY,SIMULATED_PRODUCTION_CASE
http://w3id.org/protys/fixture#Load00007_Op6,http://w3id.org/protys/fixture#Load00007,http://w3id.org/protys/fixture#Load00007_Process,http://w3id.org/protys/fixture#Load00007_LCIProcess,0,kWh,http://w3id.org/protys/fixture#GridFactor,ELECTRICITY_CONSUMED_IN_PRODUCTION_ONLY,SIMULATED_PRODUCTION_CASE
http://w3id.org/protys/fixture#Load00007_Op7,http://w3id.org/protys/fixture#Load00007,http://w3id.org/protys/fixture#Load00007_Process,http://w3id.org/protys/fixture#Load00007_LCIProcess,0.333333,kWh,http://w3id.org/protys/fixture#GridFactor,ELECTRICITY_CONSUMED_IN_PRODUCTION_ONLY,SIMULATED_PRODUCTION_CASE
http://w3id.org/protys/fixture#Load00008_Op1,http://w3id.org/protys/fixture#Load00008,http://w3id.org/protys/fixture#Load00008_Process,http://w3id.org/protys/fixture#Load00008_LCIProcess,0,kWh,http://w3id.org/protys/fixture#GridFactor,ELECTRICITY_CONSUMED_IN_PRODUCTION_ONLY,SIMULATED_PRODUCTION_CASE
http://w3id.org/protys/fixture#Load00008_Op2,http://w3id.org/protys/fixture#Load00008,http://w3id.org/protys/fixture#Load00008_Process,http://w3id.org/protys/fixture#Load00008_LCIProcess,10,kWh,http://w3id.org/protys/fixture#GridFactor,ELECTRICITY_CONSUMED_IN_PRODUCTION_ONLY,SIMULATED_PRODUCTION_CASE
http://w3id.org/protys/fixture#Load00008_Op3,http://w3id.org/protys/fixture#Load00008,http://w3id.org/protys/fixture#Load00008_Process,http://w3id.org/protys/fixture#Load00008_LCIProcess,75,kWh,http://w3id.org/protys/fixture#GridFactor,ELECTRICITY_CONSUMED_IN_PRODUCTION_ONLY,SIMULATED_PRODUCTION_CASE
http://w3id.org/protys/fixture#Load00008_Op4,http://w3id.org/protys/fixture#Load00008,http://w3id.org/protys/fixture#Load00008_Process,http://w3id.org/protys/fixture#Load00008_LCIProcess,26.666667,kWh,http://w3id.org/protys/fixture#GridFactor,ELECTRICITY_CONSUMED_IN_PRODUCTION_ONLY,SIMULATED_PRODUCTION_CASE
http://w3id.org/protys/fixture#Load00008_Op5,http://w3id.org/protys/fixture#Load00008,http://w3id.org/protys/fixture#Load00008_Process,http://w3id.org/protys/fixture#Load00008_LCIProcess,3.333333,kWh,http://w3id.org/protys/fixture#GridFactor,ELECTRICITY_CONSUMED_IN_PRODUCTION_ONLY,SIMULATED_PRODUCTION_CASE
http://w3id.org/protys/fixture#Load00008_Op6,http://w3id.org/protys/fixture#Load00008,http://w3id.org/protys/fixture#Load00008_Process,http://w3id.org/protys/fixture#Load00008_LCIProcess,0,kWh,http://w3id.org/protys/fixture#GridFactor,ELECTRICITY_CONSUMED_IN_PRODUCTION_ONLY,SIMULATED_PRODUCTION_CASE
http://w3id.org/protys/fixture#Load00008_Op7,http://w3id.org/protys/fixture#Load00008,http://w3id.org/protys/fixture#Load00008_Process,http://w3id.org/protys/fixture#Load00008_LCIProcess,0.333333,kWh,http://w3id.org/protys/fixture#GridFactor,ELECTRICITY_CONSUMED_IN_PRODUCTION_ONLY,SIMULATED_PRODUCTION_CASE
http://w3id.org/protys/fixture#Load00009_Op1,http://w3id.org/protys/fixture#Load00009,http://w3id.org/protys/fixture#Load00009_Process,http://w3id.org/protys/fixture#Load00009_LCIProcess,0,kWh,http://w3id.org/protys/fixture#GridFactor,ELECTRICITY_CONSUMED_IN_PRODUCTION_ONLY,SIMULATED_PRODUCTION_CASE
http://w3id.org/protys/fixture#Load00009_Op2,http://w3id.org/protys/fixture#Load00009,http://w3id.org/protys/fixture#Load00009_Process,http://w3id.org/protys/fixture#Load00009_LCIProcess,10,kWh,http://w3id.org/protys/fixture#GridFactor,ELECTRICITY_CONSUMED_IN_PRODUCTION_ONLY,SIMULATED_PRODUCTION_CASE
http://w3id.org/protys/fixture#Load00009_Op3,http://w3id.org/protys/fixture#Load00009,http://w3id.org/protys/fixture#Load00009_Process,http://w3id.org/protys/fixture#Load00009_LCIProcess,75,kWh,http://w3id.org/protys/fixture#GridFactor,ELECTRICITY_CONSUMED_IN_PRODUCTION_ONLY,SIMULATED_PRODUCTION_CASE
http://w3id.org/protys/fixture#Load00009_Op4,http://w3id.org/protys/fixture#Load00009,http://w3id.org/protys/fixture#Load00009_Process,http://w3id.org/protys/fixture#Load00009_LCIProcess,26.666667,kWh,http://w3id.org/protys/fixture#GridFactor,ELECTRICITY_CONSUMED_IN_PRODUCTION_ONLY,SIMULATED_PRODUCTION_CASE
http://w3id.org/protys/fixture#Load00009_Op5,http://w3id.org/protys/fixture#Load00009,http://w3id.org/protys/fixture#Load00009_Process,http://w3id.org/protys/fixture#Load00009_LCIProcess,3.333333,kWh,http://w3id.org/protys/fixture#GridFactor,ELECTRICITY_CONSUMED_IN_PRODUCTION_ONLY,SIMULATED_PRODUCTION_CASE
http://w3id.org/protys/fixture#Load00009_Op6,http://w3id.org/protys/fixture#Load00009,http://w3id.org/protys/fixture#Load00009_Process,http://w3id.org/protys/fixture#Load00009_LCIProcess,0,kWh,http://w3id.org/protys/fixture#GridFactor,ELECTRICITY_CONSUMED_IN_PRODUCTION_ONLY,SIMULATED_PRODUCTION_CASE
http://w3id.org/protys/fixture#Load00009_Op7,http://w3id.org/protys/fixture#Load00009,http://w3id.org/protys/fixture#Load00009_Process,http://w3id.org/protys/fixture#Load00009_LCIProcess,0.333333,kWh,http://w3id.org/protys/fixture#GridFactor,ELECTRICITY_CONSUMED_IN_PRODUCTION_ONLY,SIMULATED_PRODUCTION_CASE
http://w3id.org/protys/fixture#Load00010_Op1,http://w3id.org/protys/fixture#Load00010,http://w3id.org/protys/fixture#Load00010_Process,http://w3id.org/protys/fixture#Load00010_LCIProcess,0,kWh,http://w3id.org/protys/fixture#GridFactor,ELECTRICITY_CONSUMED_IN_PRODUCTION_ONLY,SIMULATED_PRODUCTION_CASE
http://w3id.org/protys/fixture#Load00010_Op2,http://w3id.org/protys/fixture#Load00010,http://w3id.org/protys/fixture#Load00010_Process,http://w3id.org/protys/fixture#Load00010_LCIProcess,10,kWh,http://w3id.org/protys/fixture#GridFactor,ELECTRICITY_CONSUMED_IN_PRODUCTION_ONLY,SIMULATED_PRODUCTION_CASE
http://w3id.org/protys/fixture#Load00010_Op3,http://w3id.org/protys/fixture#Load00010,http://w3id.org/protys/fixture#Load00010_Process,http://w3id.org/protys/fixture#Load00010_LCIProcess,75,kWh,http://w3id.org/protys/fixture#GridFactor,ELECTRICITY_CONSUMED_IN_PRODUCTION_ONLY,SIMULATED_PRODUCTION_CASE
http://w3id.org/protys/fixture#Load00010_Op4,http://w3id.org/protys/fixture#Load00010,http://w3id.org/protys/fixture#Load00010_Process,http://w3id.org/protys/fixture#Load00010_LCIProcess,26.666667,kWh,http://w3id.org/protys/fixture#GridFactor,ELECTRICITY_CONSUMED_IN_PRODUCTION_ONLY,SIMULATED_PRODUCTION_CASE
http://w3id.org/protys/fixture#Load00010_Op5,http://w3id.org/protys/fixture#Load00010,http://w3id.org/protys/fixture#Load00010_Process,http://w3id.org/protys/fixture#Load00010_LCIProcess,3.333333,kWh,http://w3id.org/protys/fixture#GridFactor,ELECTRICITY_CONSUMED_IN_PRODUCTION_ONLY,SIMULATED_PRODUCTION_CASE
http://w3id.org/protys/fixture#Load00010_Op6,http://w3id.org/protys/fixture#Load00010,http://w3id.org/protys/fixture#Load00010_Process,http://w3id.org/protys/fixture#Load00010_LCIProcess,0,kWh,http://w3id.org/protys/fixture#GridFactor,ELECTRICITY_CONSUMED_IN_PRODUCTION_ONLY,SIMULATED_PRODUCTION_CASE
http://w3id.org/protys/fixture#Load00010_Op7,http://w3id.org/protys/fixture#Load00010,http://w3id.org/protys/fixture#Load00010_Process,http://w3id.org/protys/fixture#Load00010_LCIProcess,0.333333,kWh,http://w3id.org/protys/fixture#GridFactor,ELECTRICITY_CONSUMED_IN_PRODUCTION_ONLY,SIMULATED_PRODUCTION_CASE
http://w3id.org/protys/fixture#Load00011_Op1,http://w3id.org/protys/fixture#Load00011,http://w3id.org/protys/fixture#Load00011_Process,http://w3id.org/protys/fixture#Load00011_LCIProcess,0,kWh,http://w3id.org/protys/fixture#GridFactor,ELECTRICITY_CONSUMED_IN_PRODUCTION_ONLY,SIMULATED_PRODUCTION_CASE
http://w3id.org/protys/fixture#Load00011_Op2,http://w3id.org/protys/fixture#Load00011,http://w3id.org/protys/fixture#Load00011_Process,http://w3id.org/protys/fixture#Load00011_LCIProcess,10,kWh,http://w3id.org/protys/fixture#GridFactor,ELECTRICITY_CONSUMED_IN_PRODUCTION_ONLY,SIMULATED_PRODUCTION_CASE
http://w3id.org/protys/fixture#Load00011_Op3,http://w3id.org/protys/fixture#Load00011,http://w3id.org/protys/fixture#Load00011_Process,http://w3id.org/protys/fixture#Load00011_LCIProcess,75,kWh,http://w3id.org/protys/fixture#GridFactor,ELECTRICITY_CONSUMED_IN_PRODUCTION_ONLY,SIMULATED_PRODUCTION_CASE
http://w3id.org/protys/fixture#Load00011_Op4,http://w3id.org/protys/fixture#Load00011,http://w3id.org/protys/fixture#Load00011_Process,http://w3id.org/protys/fixture#Load00011_LCIProcess,26.666667,kWh,http://w3id.org/protys/fixture#GridFactor,ELECTRICITY_CONSUMED_IN_PRODUCTION_ONLY,SIMULATED_PRODUCTION_CASE
http://w3id.org/protys/fixture#Load00011_Op5,http://w3id.org/protys/fixture#Load00011,http://w3id.org/protys/fixture#Load00011_Process,http://w3id.org/protys/fixture#Load00011_LCIProcess,3.333333,kWh,http://w3id.org/protys/fixture#GridFactor,ELECTRICITY_CONSUMED_IN_PRODUCTION_ONLY,SIMULATED_PRODUCTION_CASE
http://w3id.org/protys/fixture#Load00011_Op6,http://w3id.org/protys/fixture#Load00011,http://w3id.org/protys/fixture#Load00011_Process,http://w3id.org/protys/fixture#Load00011_LCIProcess,0,kWh,http://w3id.org/protys/fixture#GridFactor,ELECTRICITY_CONSUMED_IN_PRODUCTION_ONLY,SIMULATED_PRODUCTION_CASE
http://w3id.org/protys/fixture#Load00011_Op7,http://w3id.org/protys/fixture#Load00011,http://w3id.org/protys/fixture#Load00011_Process,http://w3id.org/protys/fixture#Load00011_LCIProcess,0.333333,kWh,http://w3id.org/protys/fixture#GridFactor,ELECTRICITY_CONSUMED_IN_PRODUCTION_ONLY,SIMULATED_PRODUCTION_CASE
http://w3id.org/protys/fixture#Load00012_Op1,http://w3id.org/protys/fixture#Load00012,http://w3id.org/protys/fixture#Load00012_Process,http://w3id.org/protys/fixture#Load00012_LCIProcess,0,kWh,http://w3id.org/protys/fixture#GridFactor,ELECTRICITY_CONSUMED_IN_PRODUCTION_ONLY,SIMULATED_PRODUCTION_CASE
http://w3id.org/protys/fixture#Load00012_Op2,http://w3id.org/protys/fixture#Load00012,http://w3id.org/protys/fixture#Load00012_Process,http://w3id.org/protys/fixture#Load00012_LCIProcess,10,kWh,http://w3id.org/protys/fixture#GridFactor,ELECTRICITY_CONSUMED_IN_PRODUCTION_ONLY,SIMULATED_PRODUCTION_CASE
http://w3id.org/protys/fixture#Load00012_Op3,http://w3id.org/protys/fixture#Load00012,http://w3id.org/protys/fixture#Load00012_Process,http://w3id.org/protys/fixture#Load00012_LCIProcess,75,kWh,http://w3id.org/protys/fixture#GridFactor,ELECTRICITY_CONSUMED_IN_PRODUCTION_ONLY,SIMULATED_PRODUCTION_CASE
http://w3id.org/protys/fixture#Load00012_Op4,http://w3id.org/protys/fixture#Load00012,http://w3id.org/protys/fixture#Load00012_Process,http://w3id.org/protys/fixture#Load00012_LCIProcess,26.666667,kWh,http://w3id.org/protys/fixture#GridFactor,ELECTRICITY_CONSUMED_IN_PRODUCTION_ONLY,SIMULATED_PRODUCTION_CASE
http://w3id.org/protys/fixture#Load00012_Op5,http://w3id.org/protys/fixture#Load00012,http://w3id.org/protys/fixture#Load00012_Process,http://w3id.org/protys/fixture#Load00012_LCIProcess,3.333333,kWh,http://w3id.org/protys/fixture#GridFactor,ELECTRICITY_CONSUMED_IN_PRODUCTION_ONLY,SIMULATED_PRODUCTION_CASE
http://w3id.org/protys/fixture#Load00012_Op6,http://w3id.org/protys/fixture#Load00012,http://w3id.org/protys/fixture#Load00012_Process,http://w3id.org/protys/fixture#Load00012_LCIProcess,0,kWh,http://w3id.org/protys/fixture#GridFactor,ELECTRICITY_CONSUMED_IN_PRODUCTION_ONLY,SIMULATED_PRODUCTION_CASE
http://w3id.org/protys/fixture#Load00012_Op7,http://w3id.org/protys/fixture#Load00012,http://w3id.org/protys/fixture#Load00012_Process,http://w3id.org/protys/fixture#Load00012_LCIProcess,0.333333,kWh,http://w3id.org/protys/fixture#GridFactor,ELECTRICITY_CONSUMED_IN_PRODUCTION_ONLY,SIMULATED_PRODUCTION_CASE
http://w3id.org/protys/fixture#Load00013_Op1,http://w3id.org/protys/fixture#Load00013,http://w3id.org/protys/fixture#Load00013_Process,http://w3id.org/protys/fixture#Load00013_LCIProcess,0,kWh,http://w3id.org/protys/fixture#GridFactor,ELECTRICITY_CONSUMED_IN_PRODUCTION_ONLY,SIMULATED_PRODUCTION_CASE
http://w3id.org/protys/fixture#Load00013_Op2,http://w3id.org/protys/fixture#Load00013,http://w3id.org/protys/fixture#Load00013_Process,http://w3id.org/protys/fixture#Load00013_LCIProcess,10,kWh,http://w3id.org/protys/fixture#GridFactor,ELECTRICITY_CONSUMED_IN_PRODUCTION_ONLY,SIMULATED_PRODUCTION_CASE
http://w3id.org/protys/fixture#Load00013_Op3,http://w3id.org/protys/fixture#Load00013,http://w3id.org/protys/fixture#Load00013_Process,http://w3id.org/protys/fixture#Load00013_LCIProcess,75,kWh,http://w3id.org/protys/fixture#GridFactor,ELECTRICITY_CONSUMED_IN_PRODUCTION_ONLY,SIMULATED_PRODUCTION_CASE
http://w3id.org/protys/fixture#Load00013_Op4,http://w3id.org/protys/fixture#Load00013,http://w3id.org/protys/fixture#Load00013_Process,http://w3id.org/protys/fixture#Load00013_LCIProcess,26.666667,kWh,http://w3id.org/protys/fixture#GridFactor,ELECTRICITY_CONSUMED_IN_PRODUCTION_ONLY,SIMULATED_PRODUCTION_CASE
http://w3id.org/protys/fixture#Load00013_Op5,http://w3id.org/protys/fixture#Load00013,http://w3id.org/protys/fixture#Load00013_Process,http://w3id.org/protys/fixture#Load00013_LCIProcess,3.333333,kWh,http://w3id.org/protys/fixture#GridFactor,ELECTRICITY_CONSUMED_IN_PRODUCTION_ONLY,SIMULATED_PRODUCTION_CASE
http://w3id.org/protys/fixture#Load00013_Op6,http://w3id.org/protys/fixture#Load00013,http://w3id.org/protys/fixture#Load00013_Process,http://w3id.org/protys/fixture#Load00013_LCIProcess,0,kWh,http://w3id.org/protys/fixture#GridFactor,ELECTRICITY_CONSUMED_IN_PRODUCTION_ONLY,SIMULATED_PRODUCTION_CASE
http://w3id.org/protys/fixture#Load00013_Op7,http://w3id.org/protys/fixture#Load00013,http://w3id.org/protys/fixture#Load00013_Process,http://w3id.org/protys/fixture#Load00013_LCIProcess,0.333333,kWh,http://w3id.org/protys/fixture#GridFactor,ELECTRICITY_CONSUMED_IN_PRODUCTION_ONLY,SIMULATED_PRODUCTION_CASE
http://w3id.org/protys/fixture#Load00014_Op1,http://w3id.org/protys/fixture#Load00014,http://w3id.org/protys/fixture#Load00014_Process,http://w3id.org/protys/fixture#Load00014_LCIProcess,0,kWh,http://w3id.org/protys/fixture#GridFactor,ELECTRICITY_CONSUMED_IN_PRODUCTION_ONLY,SIMULATED_PRODUCTION_CASE
http://w3id.org/protys/fixture#Load00014_Op2,http://w3id.org/protys/fixture#Load00014,http://w3id.org/protys/fixture#Load00014_Process,http://w3id.org/protys/fixture#Load00014_LCIProcess,10,kWh,http://w3id.org/protys/fixture#GridFactor,ELECTRICITY_CONSUMED_IN_PRODUCTION_ONLY,SIMULATED_PRODUCTION_CASE
http://w3id.org/protys/fixture#Load00014_Op3,http://w3id.org/protys/fixture#Load00014,http://w3id.org/protys/fixture#Load00014_Process,http://w3id.org/protys/fixture#Load00014_LCIProcess,75,kWh,http://w3id.org/protys/fixture#GridFactor,ELECTRICITY_CONSUMED_IN_PRODUCTION_ONLY,SIMULATED_PRODUCTION_CASE
http://w3id.org/protys/fixture#Load00014_Op4,http://w3id.org/protys/fixture#Load00014,http://w3id.org/protys/fixture#Load00014_Process,http://w3id.org/protys/fixture#Load00014_LCIProcess,26.666667,kWh,http://w3id.org/protys/fixture#GridFactor,ELECTRICITY_CONSUMED_IN_PRODUCTION_ONLY,SIMULATED_PRODUCTION_CASE
http://w3id.org/protys/fixture#Load00014_Op5,http://w3id.org/protys/fixture#Load00014,http://w3id.org/protys/fixture#Load00014_Process,http://w3id.org/protys/fixture#Load00014_LCIProcess,3.333333,kWh,http://w3id.org/protys/fixture#GridFactor,ELECTRICITY_CONSUMED_IN_PRODUCTION_ONLY,SIMULATED_PRODUCTION_CASE
http://w3id.org/protys/fixture#Load00014_Op6,http://w3id.org/protys/fixture#Load00014,http://w3id.org/protys/fixture#Load00014_Process,http://w3id.org/protys/fixture#Load00014_LCIProcess,0,kWh,http://w3id.org/protys/fixture#GridFactor,ELECTRICITY_CONSUMED_IN_PRODUCTION_ONLY,SIMULATED_PRODUCTION_CASE
http://w3id.org/protys/fixture#Load00014_Op7,http://w3id.org/protys/fixture#Load00014,http://w3id.org/protys/fixture#Load00014_Process,http://w3id.org/protys/fixture#Load00014_LCIProcess,0.333333,kWh,http://w3id.org/protys/fixture#GridFactor,ELECTRICITY_CONSUMED_IN_PRODUCTION_ONLY,SIMULATED_PRODUCTION_CASE
http://w3id.org/protys/fixture#Load00015_Op1,http://w3id.org/protys/fixture#Load00015,http://w3id.org/protys/fixture#Load00015_Process,http://w3id.org/protys/fixture#Load00015_LCIProcess,0,kWh,http://w3id.org/protys/fixture#GridFactor,ELECTRICITY_CONSUMED_IN_PRODUCTION_ONLY,SIMULATED_PRODUCTION_CASE
http://w3id.org/protys/fixture#Load00015_Op2,http://w3id.org/protys/fixture#Load00015,http://w3id.org/protys/fixture#Load00015_Process,http://w3id.org/protys/fixture#Load00015_LCIProcess,10,kWh,http://w3id.org/protys/fixture#GridFactor,ELECTRICITY_CONSUMED_IN_PRODUCTION_ONLY,SIMULATED_PRODUCTION_CASE
http://w3id.org/protys/fixture#Load00015_Op3,http://w3id.org/protys/fixture#Load00015,http://w3id.org/protys/fixture#Load00015_Process,http://w3id.org/protys/fixture#Load00015_LCIProcess,75,kWh,http://w3id.org/protys/fixture#GridFactor,ELECTRICITY_CONSUMED_IN_PRODUCTION_ONLY,SIMULATED_PRODUCTION_CASE
http://w3id.org/protys/fixture#Load00015_Op4,http://w3id.org/protys/fixture#Load00015,http://w3id.org/protys/fixture#Load00015_Process,http://w3id.org/protys/fixture#Load00015_LCIProcess,26.666667,kWh,http://w3id.org/protys/fixture#GridFactor,ELECTRICITY_CONSUMED_IN_PRODUCTION_ONLY,SIMULATED_PRODUCTION_CASE
http://w3id.org/protys/fixture#Load00015_Op5,http://w3id.org/protys/fixture#Load00015,http://w3id.org/protys/fixture#Load00015_Process,http://w3id.org/protys/fixture#Load00015_LCIProcess,3.333333,kWh,http://w3id.org/protys/fixture#GridFactor,ELECTRICITY_CONSUMED_IN_PRODUCTION_ONLY,SIMULATED_PRODUCTION_CASE
http://w3id.org/protys/fixture#Load00015_Op6,http://w3id.org/protys/fixture#Load00015,http://w3id.org/protys/fixture#Load00015_Process,http://w3id.org/protys/fixture#Load00015_LCIProcess,0,kWh,http://w3id.org/protys/fixture#GridFactor,ELECTRICITY_CONSUMED_IN_PRODUCTION_ONLY,SIMULATED_PRODUCTION_CASE
http://w3id.org/protys/fixture#Load00015_Op7,http://w3id.org/protys/fixture#Load00015,http://w3id.org/protys/fixture#Load00015_Process,http://w3id.org/protys/fixture#Load00015_LCIProcess,0.333333,kWh,http://w3id.org/protys/fixture#GridFactor,ELECTRICITY_CONSUMED_IN_PRODUCTION_ONLY,SIMULATED_PRODUCTION_CASE
http://w3id.org/protys/fixture#Load00016_Op1,http://w3id.org/protys/fixture#Load00016,http://w3id.org/protys/fixture#Load00016_Process,http://w3id.org/protys/fixture#Load00016_LCIProcess,0,kWh,http://w3id.org/protys/fixture#GridFactor,ELECTRICITY_CONSUMED_IN_PRODUCTION_ONLY,SIMULATED_PRODUCTION_CASE
http://w3id.org/protys/fixture#Load00016_Op2,http://w3id.org/protys/fixture#Load00016,http://w3id.org/protys/fixture#Load00016_Process,http://w3id.org/protys/fixture#Load00016_LCIProcess,10,kWh,http://w3id.org/protys/fixture#GridFactor,ELECTRICITY_CONSUMED_IN_PRODUCTION_ONLY,SIMULATED_PRODUCTION_CASE
http://w3id.org/protys/fixture#Load00016_Op3,http://w3id.org/protys/fixture#Load00016,http://w3id.org/protys/fixture#Load00016_Process,http://w3id.org/protys/fixture#Load00016_LCIProcess,75,kWh,http://w3id.org/protys/fixture#GridFactor,ELECTRICITY_CONSUMED_IN_PRODUCTION_ONLY,SIMULATED_PRODUCTION_CASE
http://w3id.org/protys/fixture#Load00016_Op4,http://w3id.org/protys/fixture#Load00016,http://w3id.org/protys/fixture#Load00016_Process,http://w3id.org/protys/fixture#Load00016_LCIProcess,26.666667,kWh,http://w3id.org/protys/fixture#GridFactor,ELECTRICITY_CONSUMED_IN_PRODUCTION_ONLY,SIMULATED_PRODUCTION_CASE
http://w3id.org/protys/fixture#Load00016_Op5,http://w3id.org/protys/fixture#Load00016,http://w3id.org/protys/fixture#Load00016_Process,http://w3id.org/protys/fixture#Load00016_LCIProcess,3.333333,kWh,http://w3id.org/protys/fixture#GridFactor,ELECTRICITY_CONSUMED_IN_PRODUCTION_ONLY,SIMULATED_PRODUCTION_CASE
http://w3id.org/protys/fixture#Load00016_Op6,http://w3id.org/protys/fixture#Load00016,http://w3id.org/protys/fixture#Load00016_Process,http://w3id.org/protys/fixture#Load00016_LCIProcess,0,kWh,http://w3id.org/protys/fixture#GridFactor,ELECTRICITY_CONSUMED_IN_PRODUCTION_ONLY,SIMULATED_PRODUCTION_CASE
http://w3id.org/protys/fixture#Load00016_Op7,http://w3id.org/protys/fixture#Load00016,http://w3id.org/protys/fixture#Load00016_Process,http://w3id.org/protys/fixture#Load00016_LCIProcess,0.333333,kWh,http://w3id.org/protys/fixture#GridFactor,ELECTRICITY_CONSUMED_IN_PRODUCTION_ONLY,SIMULATED_PRODUCTION_CASE
http://w3id.org/protys/fixture#Load00017_Op1,http://w3id.org/protys/fixture#Load00017,http://w3id.org/protys/fixture#Load00017_Process,http://w3id.org/protys/fixture#Load00017_LCIProcess,0,kWh,http://w3id.org/protys/fixture#GridFactor,ELECTRICITY_CONSUMED_IN_PRODUCTION_ONLY,SIMULATED_PRODUCTION_CASE
http://w3id.org/protys/fixture#Load00017_Op2,http://w3id.org/protys/fixture#Load00017,http://w3id.org/protys/fixture#Load00017_Process,http://w3id.org/protys/fixture#Load00017_LCIProcess,10,kWh,http://w3id.org/protys/fixture#GridFactor,ELECTRICITY_CONSUMED_IN_PRODUCTION_ONLY,SIMULATED_PRODUCTION_CASE
http://w3id.org/protys/fixture#Load00017_Op3,http://w3id.org/protys/fixture#Load00017,http://w3id.org/protys/fixture#Load00017_Process,http://w3id.org/protys/fixture#Load00017_LCIProcess,75,kWh,http://w3id.org/protys/fixture#GridFactor,ELECTRICITY_CONSUMED_IN_PRODUCTION_ONLY,SIMULATED_PRODUCTION_CASE
http://w3id.org/protys/fixture#Load00017_Op4,http://w3id.org/protys/fixture#Load00017,http://w3id.org/protys/fixture#Load00017_Process,http://w3id.org/protys/fixture#Load00017_LCIProcess,26.666667,kWh,http://w3id.org/protys/fixture#GridFactor,ELECTRICITY_CONSUMED_IN_PRODUCTION_ONLY,SIMULATED_PRODUCTION_CASE
http://w3id.org/protys/fixture#Load00017_Op5,http://w3id.org/protys/fixture#Load00017,http://w3id.org/protys/fixture#Load00017_Process,http://w3id.org/protys/fixture#Load00017_LCIProcess,3.333333,kWh,http://w3id.org/protys/fixture#GridFactor,ELECTRICITY_CONSUMED_IN_PRODUCTION_ONLY,SIMULATED_PRODUCTION_CASE
http://w3id.org/protys/fixture#Load00017_Op6,http://w3id.org/protys/fixture#Load00017,http://w3id.org/protys/fixture#Load00017_Process,http://w3id.org/protys/fixture#Load00017_LCIProcess,0,kWh,http://w3id.org/protys/fixture#GridFactor,ELECTRICITY_CONSUMED_IN_PRODUCTION_ONLY,SIMULATED_PRODUCTION_CASE
http://w3id.org/protys/fixture#Load00017_Op7,http://w3id.org/protys/fixture#Load00017,http://w3id.org/protys/fixture#Load00017_Process,http://w3id.org/protys/fixture#Load00017_LCIProcess,0.333333,kWh,http://w3id.org/protys/fixture#GridFactor,ELECTRICITY_CONSUMED_IN_PRODUCTION_ONLY,SIMULATED_PRODUCTION_CASE
http://w3id.org/protys/fixture#Load00018_Op1,http://w3id.org/protys/fixture#Load00018,http://w3id.org/protys/fixture#Load00018_Process,http://w3id.org/protys/fixture#Load00018_LCIProcess,0,kWh,http://w3id.org/protys/fixture#GridFactor,ELECTRICITY_CONSUMED_IN_PRODUCTION_ONLY,SIMULATED_PRODUCTION_CASE
http://w3id.org/protys/fixture#Load00018_Op2,http://w3id.org/protys/fixture#Load00018,http://w3id.org/protys/fixture#Load00018_Process,http://w3id.org/protys/fixture#Load00018_LCIProcess,10,kWh,http://w3id.org/protys/fixture#GridFactor,ELECTRICITY_CONSUMED_IN_PRODUCTION_ONLY,SIMULATED_PRODUCTION_CASE
http://w3id.org/protys/fixture#Load00018_Op3,http://w3id.org/protys/fixture#Load00018,http://w3id.org/protys/fixture#Load00018_Process,http://w3id.org/protys/fixture#Load00018_LCIProcess,75,kWh,http://w3id.org/protys/fixture#GridFactor,ELECTRICITY_CONSUMED_IN_PRODUCTION_ONLY,SIMULATED_PRODUCTION_CASE
http://w3id.org/protys/fixture#Load00018_Op4,http://w3id.org/protys/fixture#Load00018,http://w3id.org/protys/fixture#Load00018_Process,http://w3id.org/protys/fixture#Load00018_LCIProcess,26.666667,kWh,http://w3id.org/protys/fixture#GridFactor,ELECTRICITY_CONSUMED_IN_PRODUCTION_ONLY,SIMULATED_PRODUCTION_CASE
http://w3id.org/protys/fixture#Load00018_Op5,http://w3id.org/protys/fixture#Load00018,http://w3id.org/protys/fixture#Load00018_Process,http://w3id.org/protys/fixture#Load00018_LCIProcess,3.333333,kWh,http://w3id.org/protys/fixture#GridFactor,ELECTRICITY_CONSUMED_IN_PRODUCTION_ONLY,SIMULATED_PRODUCTION_CASE
http://w3id.org/protys/fixture#Load00018_Op6,http://w3id.org/protys/fixture#Load00018,http://w3id.org/protys/fixture#Load00018_Process,http://w3id.org/protys/fixture#Load00018_LCIProcess,0,kWh,http://w3id.org/protys/fixture#GridFactor,ELECTRICITY_CONSUMED_IN_PRODUCTION_ONLY,SIMULATED_PRODUCTION_CASE
http://w3id.org/protys/fixture#Load00018_Op7,http://w3id.org/protys/fixture#Load00018,http://w3id.org/protys/fixture#Load00018_Process,http://w3id.org/protys/fixture#Load00018_LCIProcess,0.333333,kWh,http://w3id.org/protys/fixture#GridFactor,ELECTRICITY_CONSUMED_IN_PRODUCTION_ONLY,SIMULATED_PRODUCTION_CASE
http://w3id.org/protys/fixture#Load00019_Op1,http://w3id.org/protys/fixture#Load00019,http://w3id.org/protys/fixture#Load00019_Process,http://w3id.org/protys/fixture#Load00019_LCIProcess,0,kWh,http://w3id.org/protys/fixture#GridFactor,ELECTRICITY_CONSUMED_IN_PRODUCTION_ONLY,SIMULATED_PRODUCTION_CASE
http://w3id.org/protys/fixture#Load00019_Op2,http://w3id.org/protys/fixture#Load00019,http://w3id.org/protys/fixture#Load00019_Process,http://w3id.org/protys/fixture#Load00019_LCIProcess,10,kWh,http://w3id.org/protys/fixture#GridFactor,ELECTRICITY_CONSUMED_IN_PRODUCTION_ONLY,SIMULATED_PRODUCTION_CASE
http://w3id.org/protys/fixture#Load00019_Op3,http://w3id.org/protys/fixture#Load00019,http://w3id.org/protys/fixture#Load00019_Process,http://w3id.org/protys/fixture#Load00019_LCIProcess,75,kWh,http://w3id.org/protys/fixture#GridFactor,ELECTRICITY_CONSUMED_IN_PRODUCTION_ONLY,SIMULATED_PRODUCTION_CASE
http://w3id.org/protys/fixture#Load00019_Op4,http://w3id.org/protys/fixture#Load00019,http://w3id.org/protys/fixture#Load00019_Process,http://w3id.org/protys/fixture#Load00019_LCIProcess,26.666667,kWh,http://w3id.org/protys/fixture#GridFactor,ELECTRICITY_CONSUMED_IN_PRODUCTION_ONLY,SIMULATED_PRODUCTION_CASE
http://w3id.org/protys/fixture#Load00019_Op5,http://w3id.org/protys/fixture#Load00019,http://w3id.org/protys/fixture#Load00019_Process,http://w3id.org/protys/fixture#Load00019_LCIProcess,3.333333,kWh,http://w3id.org/protys/fixture#GridFactor,ELECTRICITY_CONSUMED_IN_PRODUCTION_ONLY,SIMULATED_PRODUCTION_CASE
http://w3id.org/protys/fixture#Load00019_Op6,http://w3id.org/protys/fixture#Load00019,http://w3id.org/protys/fixture#Load00019_Process,http://w3id.org/protys/fixture#Load00019_LCIProcess,0,kWh,http://w3id.org/protys/fixture#GridFactor,ELECTRICITY_CONSUMED_IN_PRODUCTION_ONLY,SIMULATED_PRODUCTION_CASE
http://w3id.org/protys/fixture#Load00019_Op7,http://w3id.org/protys/fixture#Load00019,http://w3id.org/protys/fixture#Load00019_Process,http://w3id.org/protys/fixture#Load00019_LCIProcess,0.333333,kWh,http://w3id.org/protys/fixture#GridFactor,ELECTRICITY_CONSUMED_IN_PRODUCTION_ONLY,SIMULATED_PRODUCTION_CASE
