flow_iri,lci_representation_iri,manufacturing_process_iri,material_iri,quantity,unit,flow_type,exchange_scope,included_in_electricity_ghg_total,scenario_role
http://w3id.org/protys/fixture#Load00000_Flow_TitaniumDioxide,http://w3id.org/protys/fixture#Load00000_LCIProcess,http://w3id.org/protys/fixture#Load00000_Process,http://w3id.org/protys/fixture#TitaniumDioxide,36.2,kg,ProductFlow,PURCHASED_TECHNOSPHERE_INPUT,NO,SIMULATED_PRODUCTION_CASE
http://w3id.org/protys/fixture#Load00000_Flow_AcrylicResin,http://w3id.org/protys/fixture#Load00000_LCIProcess,http://w3id.org/protys/fixture#Load00000_Process,http://w3id.org/protys/fixture#AcrylicResin,54.3,kg,ProductFlow,PURCHASED_TECHNOSPHERE_INPUT,NO,SIMULATED_PRODUCTION_CASE
http://w3id.org/protys/fixture#Load00000_Flow_Water,http://w3id.org/protys/fixture#Load00000_LCIProcess,http://w3id.org/protys/fixture#Load00000_Process,http://w3id.org/protys/fixture#Water,88.69,kg,ProductFlow,PURCHASED_TECHNOSPHERE_INPUT,NO,SIMULATED_PRODUCTION_CASE
http://w3id.org/protys/fixture#Load00000_Flow_Biocide,http://w3id.org/protys/fixture#Load00000_LCIProcess,http://w3id.org/protys/fixture#Load00000_Process,http://w3id.org/protys/fixture#Biocide,1.81,kg,ProductFlow,PURCHASED_TECHNOSPHERE_INPUT,NO,SIMULATED_PRODUCTION_CASE
http://w3id.org/protys/fixture#Load00001_Flow_TitaniumDioxide,http://w3id.org/protys/fixture#Load00001_LCIProcess,http://w3id.org/protys/fixture#Load00001_Process,http://w3id.org/protys/fixture#TitaniumDioxide,22.8,kg,ProductFlow,PURCHASED_TECHNOSPHERE_INPUT,NO,SIMULATED_PRODUCTION_CASE
http://w3id.org/protys/fixture#Load00001_Flow_AcrylicResin,http://w3id.org/protys/fixture#Load00001_LCIProcess,http://w3id.org/protys/fixture#Load00001_Process,http://w3id.org/protys/fixture#AcrylicResin,34.2,kg,ProductFlow,PURCHASED_TECHNOSPHERE_INPUT,NO,SIMULATED_PRODUCTION_CASE
http://w3id.org/protys/fixture#Load00001_Flow_Water,http://w3id.org/protys/fixture#Load00001_LCIProcess,http://w3id.org/protys/fixture#Load00001_Process,http://w3id.org/protys/fixture#Water,55.86,kg,ProductFlow,PURCHASED_TECHNOSPHERE_INPUT,NO,SIMULATED_PRODUCTION_CASE
http://w3id.org/protys/fixture#Load00001_Flow_Biocide,http://w3id.org/protys/fixture#Load00001_LCIProcess,http://w3id.org/protys/fixture#Load00001_Process,http://w3id.org/protys/fixture#Biocide,1.14,kg,ProductFlow,PURCHASED_TECHNOSPHERE_INPUT,NO,SIMULATED_PRODUCTION_CASE
http://w3id.org/protys/fixture#Load00002_Flow_TitaniumDioxide,http://w3id.org/protys/fixture#Load00002_LCIProcess,http://w3id.org/protys/fixture#Load00002_Process,http://w3id.org/protys/fixture#TitaniumDioxide,20.6,kg,ProductFlow,PURCHASED_TECHNOSPHERE_INPUT,NO,SIMULATED_PRODUCTION_CASE
http://w3id.org/protys/fixture#Load00002_Flow_AcrylicResin,http://w3id.org/protys/fixture#Load00002_LCIProcess,http://w3id.org/protys/fixture#Load00002_Process,http://w3id.org/protys/fixture#AcrylicResin,30.9,kg,ProductFlow,PURCHASED_TECHNOSPHERE_INPUT,NO,SIMULATED_PRODUCTION_CASE
http://w3id.org/protys/fixture#Load00002_Flow_Water,http://w3id.org/protys/fixture#Load00002_LCIProcess,http://w3id.org/protys/fixture#Load00002_Process,http://w3id.org/protys/fixture#Water,50.47,kg,ProductFlow,PURCHASED_TECHNOSPHERE_INPUT,NO,SIMULATED_PRODUCTION_CASE
http://w3id.org/protys/fixture#Load00002_Flow_Biocide,http://w3id.org/protys/fixture#Load00002_LCIProcess,http://w3id.org/protys/fixture#Load00002_Process,http://w3id.org/protys/fixture#Biocide,1.03,kg,ProductFlow,PURCHASED_TECHNOSPHERE_INPUT,NO,SIMULATED_PRODUCTION_CASE
http://w3id.org/protys/fixture#Load00003_Flow_TitaniumDioxide,http://w3id.org/protys/fixture#Load00003_LCIProcess,http://w3id.org/protys/fixture#Load00003_Process,http://w3id.org/protys/fixture#TitaniumDioxide,38.8,kg,ProductFlow,PURCHASED_TECHNOSPHERE_INPUT,NO,SIMULATED_PRODUCTION_CASE
http://w3id.org/protys/fixture#Load00003_Flow_AcrylicResin,http://w3id.org/protys/fixture#Load00003_LCIProcess,http://w3id.org/protys/fixture#Load00003_Process,http://w3id.org/protys/fixture#AcrylicResin,58.2,kg,ProductFlow,PURCHASED_TECHNOSPHERE_INPUT,NO,SIMULATED_PRODUCTION_CASE
http://w3id.org/protys/fixture#Load00003_Flow_Water,http://w3id.org/protys/fixture#Load00003_LCIProcess,http://w3id.org/protys/fixture#Load00003_Process,http://w3id.org/protys/fixture#Water,95.06,kg,ProductFlow,PURCHASED_TECHNOSPHERE_INPUT,NO,SIMULATED_PRODUCTION_CASE
http://w3id.org/protys/fixture#Load00003_Flow_Biocide,http://w3id.org/protys/fixture#Load00003_LCIProcess,http://w3id.org/protys/fixture#Load00003_Process,http://w3id.org/protys/fixture#Biocide,1.94,kg,ProductFlow,PURCHASED_TECHNOSPHERE_INPUT,NO,SIMULATED_PRODUCTION_CASE
http://w3id.org/protys/fixture#Load00004_Flow_TitaniumDioxide,http://w3id.org/protys/fixture#Load00004_LCIProcess,http://w3id.org/protys/fixture#Load00004_Process,http://w3id.org/protys/fixture#TitaniumDioxide,27,kg,ProductFlow,PURCHASED_TECHNOSPHERE_INPUT,NO,SIMULATED_PRODUCTION_CASE
http://w3id.org/protys/fixture#Load00004_Flow_AcrylicResin,http://w3id.org/protys/fixture#Load00004_LCIProcess,http://w3id.org/protys/fixture#Load00004_Process,http://w3id.org/protys/fixture#AcrylicResin,40.5,kg,ProductFlow,PURCHASED_TECHNOSPHERE_INPUT,NO,SIMULATED_PRODUCTION_CASE
http://w3id.org/protys/fixture#Load00004_Flow_Water,http://w3id.org/protys/fixture#Load00004_LCIProcess,http://w3id.org/protys/fixture#Load00004_Process,http://w3id.org/protys/fixture#Water,66.15,kg,ProductFlow,PURCHASED_TECHNOSPHERE_INPUT,NO,SIMULATED_PRODUCTION_CASE
http://w3id.org/protys/fixture#Load00004_Flow_Biocide,http://w3id.org/protys/fixture#Load00004_LCIProcess,http://w3id.org/protys/fixture#Load00004_Process,http://w3id.org/protys/fixture#Biocide,1.35,kg,ProductFlow,PURCHASED_TECHNOSPHERE_INPUT,NO,SIMULATED_PRODUCTION_CASE
http://w3id.org/protys/fixture#Load00005_Flow_TitaniumDioxide,http://w3id.org/protys/fixture#Load00005_LCIProcess,http://w3id.org/protys/fixture#Load00005_Process,http://w3id.org/protys/fixture#TitaniumDioxide,26.2,kg,ProductFlow,PURCHASED_TECHNOSPHERE_INPUT,NO,SIMULATED_PRODUCTION_CASE
http://w3id.org/protys/fixture#Load00005_Flow_AcrylicResin,http://w3id.org/protys/fixture#Load00005_LCIProcess,http://w3id.org/protys/fixture#Load00005_Process,http://w3id.org/protys/fixture#AcrylicResin,39.3,kg,ProductFlow,PURCHASED_TECHNOSPHERE_INPUT,NO,SIMULATED_PRODUCTION_CASE
http://w3id.org/protys/fixture#Load00005_Flow_Water,http://w3id.org/protys/fixture#Load00005_LCIProcess,http://w3id.org/protys/fixture#Load00005_Process,http://w3id.org/protys/fixture#Water,64.19,kg,ProductFlow,PURCHASED_TECHNOSPHERE_INPUT,NO,SIMULATED_PRODUCTION_CASE
http://w3id.org/protys/fixture#Load00005_Flow_Biocide,http://w3id.org/protys/fixture#Load00005_LCIProcess,http://w3id.org/protys/fixture#Load00005_Process,http://w3id.org/protys/fixture#Biocide,1.31,kg,ProductFlow,PURCHASED_TECHNOSPHERE_INPUT,NO,SIMULATED_PRODUCTION_CASE
http://w3id.org/protys/fixture#Load00006_Flow_TitaniumDioxide,http://w3id.org/protys/fixture#Load00006_LCIProcess,http://w3id.org/protys/fixture#Load00006_Process,http://w3id.org/protys/fixture#TitaniumDioxide,25.6,kg,ProductFlow,PURCHASED_TECHNOSPHERE_INPUT,NO,SIMULATED_PRODUCTION_CASE
http://w3id.org/protys/fixture#Load00006_Flow_AcrylicResin,http://w3id.org/protys/fixture#Load00006_LCIProcess,http://w3id.org/protys/fixture#Load00006_Process,http://w3id.org/protys/fixture#AcrylicResin,38.4,kg,ProductFlow,PURCHASED_TECHNOSPHERE_INPUT,NO,SIMULATED_PRODUCTION_CASE
http://w3id.org/protys/fixture#Load00006_Flow_Water,http://w3id.org/protys/fixture#Load00006_LCIProcess,http://w3id.org/protys/fixture#Load00006_Process,http://w3id.org/protys/fixture#Water,62.72,kg,ProductFlow,PURCHASED_TECHNOSPHERE_INPUT,NO,SIMULATED_PRODUCTION_CASE
http://w3id.org/protys/fixture#Load00006_Flow_Biocide,http://w3id.org/protys/fixture#Load00006_LCIProcess,http://w3id.org/protys/fixture#Load00006_Process,http://w3id.org/protys/fixture#Biocide,1.28,kg,ProductFlow,PURCHASED_TECHNOSPHERE_INPUT,NO,SIMULATED_PRODUCTION_CASE
http://w3id.org/protys/fixture#Load00007_Flow_TitaniumDioxide,http://w3id.org/protys/fixture#Load00007_LCIProcess,http://w3id.org/protys/fixture#Load00007_Process,http://w3id.org/protys/fixture#TitaniumDioxide,23.4,kg,ProductFlow,PURCHASED_TECHNOSPHERE_INPUT,NO,SIMULATED_PRODUCTION_CASE
http://w3id.org/protys/fixture#Load00007_Flow_AcrylicResin,http://w3id.org/protys/fixture#Load00007_LCIProcess,http://w3id.org/protys/fixture#Load00007_Process,http://w3id.org/protys/fixture#AcrylicResin,35.1,kg,ProductFlow,PURCHASED_TECHNOSPHERE_INPUT,NO,SIMULATED_PRODUCTION_CASE
http://w3id.org/protys/fixture#Load00007_Flow_Water,http://w3id.org/protys/fixture#Load00007_LCIProcess,http://w3id.org/protys/fixture#Load00007_Process,http://w3id.org/protys/fixture#Water,57.33,kg,ProductFlow,PURCHASED_TECHNOSPHERE_INPUT,NO,SIMULATED_PRODUCTION_CASE
http://w3id.org/protys/fixture#Load00007_Flow_Biocide,http://w3id.org/protys/fixture#Load00007_LCIProcess,http://w3id.org/protys/fixture#Load00007_Process,http://w3id.org/protys/fixture#Biocide,1.17,kg,ProductFlow,PURCHASED_TECHNOSPHERE_INPUT,NO,SIMULATED_PRODUCTION_CASE
http://w3id.org/protys/fixture#Load00008_Flow_TitaniumDioxide,http://w3id.org/protys/fixture#Load00008_LCIProcess,http://w3id.org/protys/fixture#Load00008_Process,http://w3id.org/protys/fixture#TitaniumDioxide,38.8,kg,ProductFlow,PURCHASED_TECHNOSPHERE_INPUT,NO,SIMULATED_PRODUCTION_CASE
http://w3id.org/protys/fixture#Load00008_Flow_AcrylicResin,http://w3id.org/protys/fixture#Load00008_LCIProcess,http://w3id.org/protys/fixture#Load00008_Process,http://w3id.org/protys/fixture#AcrylicResin,58.2,kg,ProductFlow,PURCHASED_TECHNOSPHERE_INPUT,NO,SIMULATED_PRODUCTION_CASE
http://w3id.org/protys/fixture#Load00008_Flow_Water,http://w3id.org/protys/fixture#Load00008_LCIProcess,http://w3id.org/protys/fixture#Load00008_Process,http://w3id.org/protys/fixture#Water,95.06,kg,ProductFlow,PURCHASED_TECHNOSPHERE_INPUT,NO,SIMULATED_PRODUCTION_CASE
http://w3id.org/protys/fixture#Load00008_Flow_Biocide,http://w3id.org/protys/fixture#Load00008_LCIProcess,http://w3id.org/protys/fixture#Load00008_Process,http://w3id.org/protys/fixture#Biocide,1.94,kg,ProductFlow,PURCHASED_TECHNOSPHERE_INPUT,NO,SIMULATED_PRODUCTION_CASE
http://w3id.org/protys/fixture#Load00009_Flow_TitaniumDioxide,http://w3id.org/protys/fixture#Load00009_LCIProcess,http://w3id.org/protys/fixture#Load00009_Process,http://w3id.org/protys/fixture#TitaniumDioxide,22.6,kg,ProductFlow,PURCHASED_TECHNOSPHERE_INPUT,NO,SIMULATED_PRODUCTION_CASE
http://w3id.org/protys/fixture#Load00009_Flow_AcrylicResin,http://w3id.org/protys/fixture#Load00009_LCIProcess,http://w3id.org/protys/fixture#Load00009_Process,http://w3id.org/protys/fixture#AcrylicResin,33.9,kg,ProductFlow,PURCHASED_TECHNOSPHERE_INPUT,NO,SIMULATED_PRODUCTION_CASE
http://w3id.org/protys/fixture#Load00009_Flow_Water,http://w3id.org/protys/fixture#Load00009_LCIProcess,http://w3id.org/protys/fixture#Load00009_Process,http://w3id.org/protys/fixture#Water,55.37,kg,ProductFlow,PURCHASED_TECHNOSPHERE_INPUT,NO,SIMULATED_PRODUCTION_CASE
http://w3id.org/protys/fixture#Load00009_Flow_Biocide,http://w3id.org/protys/fixture#Load00009_LCIProcess,http://w3id.org/protys/fixture#Load00009_Process,http://w3id.org/protys/fixture#Biocide,1.13,kg,ProductFlow,PURCHASED_TECHNOSPHERE_INPUT,NO,SIMULATED_PRODUCTION_CASE
http://w3id.org/protys/fixture#Load00010_Flow_TitaniumDioxide,http://w3id.org/protys/fixture#Load00010_LCIProcess,http://w3id.org/protys/fixture#Load00010_Process,http://w3id.org/protys/fixture#TitaniumDioxide,37.2,kg,ProductFlow,PURCHASED_TECHNOSPHERE_INPUT,NO,SIMULATED_PRODUCTION_CASE
http://w3id.org/protys/fixture#Load00010_Flow_AcrylicResin,http://w3id.org/protys/fixture#Load00010_LCIProcess,http://w3id.org/protys/fixture#Load00010_Process,http://w3id.org/protys/fixture#AcrylicResin,55.8,kg,ProductFlow,PURCHASED_TECHNOSPHERE_INPUT,NO,SIMULATED_PRODUCTION_CASE
http://w3id.org/protys/fixture#Load00010_Flow_Water,http://w3id.org/protys/fixture#Load00010_LCIProcess,http://w3id.org/protys/fixture#Load00010_Process,http://w3id.org/protys/fixture#Water,91.14,kg,ProductFlow,PURCHASED_TECHNOSPHERE_INPUT,NO,SIMULATED_PRODUCTION_CASE
http://w3id.org/protys/fixture#Load00010_Flow_Biocide,http://w3id.org/protys/fixture#Load00010_LCIProcess,http://w3id.org/protys/fixture#Load00010_Process,http://w3id.org/protys/fixture#Biocide,1.86,kg,ProductFlow,PURCHASED_TECHNOSPHERE_INPUT,NO,SIMULATED_PRODUCTION_CASE
http://w3id.org/protys/fixture#Load00011_Flow_TitaniumDioxide,http://w3id.org/protys/fixture#Load00011_LCIProcess,http://w3id.org/protys/fixture#Load00011_Process,http://w3id.org/protys/fixture#TitaniumDioxide,38.8,kg,ProductFlow,PURCHASED_TECHNOSPHERE_INPUT,NO,SIMULATED_PRODUCTION_CASE
http://w3id.org/protys/fixture#Load00011_Flow_AcrylicResin,http://w3id.org/protys/fixture#Load00011_LCIProcess,http://w3id.org/protys/fixture#Load00011_Process,http://w3id.org/protys/fixture#AcrylicResin,58.2,kg,ProductFlow,PURCHASED_TECHNOSPHERE_INPUT,NO,SIMULATED_PRODUCTION_CASE
http://w3id.org/protys/fixture#Load00011_Flow_Water,http://w3id.org/protys/fixture#Load00011_LCIProcess,http://w3id.org/protys/fixture#Load00011_Process,http://w3id.org/protys/fixture#Water,95.06,kg,ProductFlow,PURCHASED_TECHNOSPHERE_INPUT,NO,SIMULATED_PRODUCTION_CASE
http://w3id.org/protys/fixture#Load00011_Flow_Biocide,http://w3id.org/protys/fixture#Load00011_LCIProcess,http://w3id.org/protys/fixture#Load00011_Process,http://w3id.org/protys/fixture#Biocide,1.94,kg,ProductFlow,PURCHASED_TECHNOSPHERE_INPUT,NO,SIMULATED_PRODUCTION_CASE
http://w3id.org/protys/fixture#Load00012_Flow_TitaniumDioxide,http://w3id.org/protys/fixture#Load00012_LCIProcess,http://w3id.org/protys/fixture#Load00012_Process,http://w3id.org/protys/fixture#TitaniumDioxide,33.8,kg,ProductFlow,PURCHASED_TECHNOSPHERE_INPUT,NO,SIMULATED_PRODUCTION_CASE
http://w3id.org/protys/fixture#Load00012_Flow_AcrylicResin,http://w3id.org/protys/fixture#Load00012_LCIProcess,http://w3id.org/protys/fixture#Load00012_Process,http://w3id.org/protys/fixture#AcrylicResin,50.7,kg,ProductFlow,PURCHASED_TECHNOSPHERE_INPUT,NO,SIMULATED_PRODUCTION_CASE
http://w3id.org/protys/fixture#Load00012_Flow_Water,http://w3id.org/protys/fixture#Load00012_LCIProcess,http://w3id.org/protys/fixture#Load00012_Process,http://w3id.org/protys/fixture#Water,82.81,kg,ProductFlow,PURCHASED_TECHNOSPHERE_INPUT,NO,SIMULATED_PRODUCTION_CASE
http://w3id.org/protys/fixture#Load00012_Flow_Biocide,http://w3id.org/protys/fixture#Load00012_LCIProcess,http://w3id.org/protys/fixture#Load00012_Process,http://w3id.org/protys/fixture#Biocide,1.69,kg,ProductFlow,PURCHASED_TECHNOSPHERE_INPUT,NO,SIMULATED_PRODUCTION_CASE
http://w3id.org/protys/fixture#Load00013_Flow_TitaniumDioxide,http://w3id.org/protys/fixture#Load00013_LCIProcess,http://w3id.org/protys/fixture#Load00013_Process,http://w3id.org/protys/fixture#TitaniumDioxide,22.2,kg,ProductFlow,PURCHASED_TECHNOSPHERE_INPUT,NO,SIMULATED_PRODUCTION_CASE
http://w3id.org/protys/fixture#Load00013_Flow_AcrylicResin,http://w3id.org/protys/fixture#Load00013_LCIProcess,http://w3id.org/protys/fixture#Load00013_Process,http://w3id.org/protys/fixture#AcrylicResin,33.3,kg,ProductFlow,PURCHASED_TECHNOSPHERE_INPUT,NO,SIMULATED_PRODUCTION_CASE
http://w3id.org/protys/fixture#Load00013_Flow_Water,http://w3id.org/protys/fixture#Load00013_LCIProcess,http://w3id.org/protys/fixture#Load00013_Process,http://w3id.org/protys/fixture#Water,54.39,kg,ProductFlow,PURCHASED_TECHNOSPHERE_INPUT,NO,SIMULATED_PRODUCTION_CASE
http://w3id.org/protys/fixture#Load00013_Flow_Biocide,http://w3id.org/protys/fixture#Load00013_LCIProcess,http://w3id.org/protys/fixture#Load00013_Process,http://w3id.org/protys/fixture#Biocide,1.11,kg,ProductFlow,PURCHASED_TECHNOSPHERE_INPUT,NO,SIMULATED_PRODUCTION_CASE
http://w3id.org/protys/fixture#Load00014_Flow_TitaniumDioxide,http://w3id.org/protys/fixture#Load00014_LCIProcess,http://w3id.org/protys/fixture#Load00014_Process,http://w3id.org/protys/fixture#TitaniumDioxide,35,kg,ProductFlow,PURCHASED_TECHNOSPHERE_INPUT,NO,SIMULATED_PRODUCTION_CASE
http://w3id.org/protys/fixture#Load00014_Flow_AcrylicResin,http://w3id.org/protys/fixture#Load00014_LCIProcess,http://w3id.org/protys/fixture#Load00014_Process,http://w3id.org/protys/fixture#AcrylicResin,52.5,kg,ProductFlow,PURCHASED_TECHNOSPHERE_INPUT,NO,SIMULATED_PRODUCTION_CASE
http://w3id.org/protys/fixture#Load00014_Flow_Water,http://w3id.org/protys/fixture#Load00014_LCIProcess,http://w3id.org/protys/fixture#Load00014_Process,http://w3id.org/protys/fixture#Water,85.75,kg,ProductFlow,PURCHASED_TECHNOSPHERE_INPUT,NO,SIMULATED_PRODUCTION_CASE
http://w3id.org/protys/fixture#Load00014_Flow_Biocide,http://w3id.org/protys/fixture#Load00014_LCIProcess,http://w3id.org/protys/fixture#Load00014_Process,http://w3id.org/protys/fixture#Biocide,1.75,kg,ProductFlow,PURCHASED_TECHNOSPHERE_INPUT,NO,SIMULATED_PRODUCTION_CASE
http://w3id.org/protys/fixture#Load00015_Flow_TitaniumDioxide,http://w3id.org/protys/fixture#Load00015_LCIProcess,http://w3id.org/protys/fixture#Load00015_Process,http://w3id.org/protys/fixture#TitaniumDioxide,30.8,kg,ProductFlow,PURCHASED_TECHNOSPHERE_INPUT,NO,SIMULATED_PRODUCTION_CASE
http://w3id.org/protys/fixture#Load00015_Flow_AcrylicResin,http://w3id.org/protys/fixture#Load00015_LCIProcess,http://w3id.org/protys/fixture#Load00015_Process,http://w3id.org/protys/fixture#AcrylicResin,46.2,kg,ProductFlow,PURCHASED_TECHNOSPHERE_INPUT,NO,SIMULATED_PRODUCTION_CASE
http://w3id.org/protys/fixture#Load00015_Flow_Water,http://w3id.org/protys/fixture#Load00015_LCIProcess,http://w3id.org/protys/fixture#Load00015_Process,http://w3id.org/protys/fixture#Water,75.46,kg,ProductFlow,PURCHASED_TECHNOSPHERE_INPUT,NO,SIMULATED_PRODUCTION_CASE
http://w3id.org/protys/fixture#Load00015_Flow_Biocide,http://w3id.org/protys/fixture#Load00015_LCIProcess,http://w3id.org/protys/fixture#Load00015_Process,http://w3id.org/protys/fixture#Biocide,1.54,kg,ProductFlow,PURCHASED_TECHNOSPHERE_INPUT,NO,SIMULATED_PRODUCTION_CASE
http://w3id.org/protys/fixture#Load00016_Flow_TitaniumDioxide,http://w3id.org/protys/fixture#Load00016_LCIProcess,http://w3id.org/protys/fixture#Load00016_Process,http://w3id.org/protys/fixture#TitaniumDioxide,20.8,kg,ProductFlow,PURCHASED_TECHNOSPHERE_INPUT,NO,SIMULATED_PRODUCTION_CASE
http://w3id.org/protys/fixture#Load00016_Flow_AcrylicResin,http://w3id.org/protys/fixture#Load00016_LCIProcess,http://w3id.org/protys/fixture#Load00016_Process,http://w3id.org/protys/fixture#AcrylicResin,31.2,kg,ProductFlow,PURCHASED_TECHNOSPHERE_INPUT,NO,SIMULATED_PRODUCTION_CASE
http://w3id.org/protys/fixture#Load00016_Flow_Water,http://w3id.org/protys/fixture#Load00016_LCIProcess,http://w3id.org/protys/fixture#Load00016_Process,http://w3id.org/protys/fixture#Water,50.96,kg,ProductFlow,PURCHASED_TECHNOSPHERE_INPUT,NO,SIMULATED_PRODUCTION_CASE
http://w3id.org/protys/fixture#Load00016_Flow_Biocide,http://w3id.org/protys/fixture#Load00016_LCIProcess,http://w3id.org/protys/fixture#Load00016_Process,http://w3id.org/protys/fixture#Biocide,1.04,kg,ProductFlow,PURCHASED_TECHNOSPHERE_INPUT,NO,SIMULATED_PRODUCTION_CASE
http://w3id.org/protys/fixture#Load00017_Flow_TitaniumDioxide,http://w3id.org/protys/fixture#Load00017_LCIProcess,http://w3id.org/protys/fixture#Load00017_Process,http://w3id.org/protys/fixture#TitaniumDioxide,20.6,kg,ProductFlow,PURCHASED_TECHNOSPHERE_INPUT,NO,SIMULATED_PRODUCTION_CASE
http://w3id.org/protys/fixture#Load00017_Flow_AcrylicResin,http://w3id.org/protys/fixture#Load00017_LCIProcess,http://w3id.org/protys/fixture#Load00017_Process,http://w3id.org/protys/fixture#AcrylicResin,30.9,kg,ProductFlow,PURCHASED_TECHNOSPHERE_INPUT,NO,SIMULATED_PRODUCTION_CASE
http://w3id.org/protys/fixture#Load00017_Flow_Water,http://w3id.org/protys/fixture#Load00017_LCIProcess,http://w3id.org/protys/fixture#Load00017_Process,http://w3id.org/protys/fixture#Water,50.47,kg,ProductFlow,PURCHASED_TECHNOSPHERE_INPUT,NO,SIMULATED_PRODUCTION_CASE
http://w3id.org/protys/fixture#Load00017_Flow_Biocide,http://w3id.org/protys/fixture#Load00017_LCIProcess,http://w3id.org/protys/fixture#Load00017_Process,http://w3id.org/protys/fixture#Biocide,1.03,kg,ProductFlow,PURCHASED_TECHNOSPHERE_INPUT,NO,SIMULATED_PRODUCTION_CASE
http://w3id.org/protys/fixture#Load00018_Flow_TitaniumDioxide,http://w3id.org/protys/fixture#Load00018_LCIProcess,http://w3id.org/protys/fixture#Load00018_Process,http://w3id.org/protys/fixture#TitaniumDioxide,22.2,kg,ProductFlow,PURCHASED_TECHNOSPHERE_INPUT,NO,SIMULATED_PRODUCTION_CASE
http://w3id.org/protys/fixture#Load00018_Flow_AcrylicResin,http://w3id.org/protys/fixture#Load00018_LCIProcess,http://w3id.org/protys/fixture#Load00018_Process,http://w3id.org/protys/fixture#AcrylicResin,33.3,kg,ProductFlow,PURCHASED_TECHNOSPHERE_INPUT,NO,SIMULATED_PRODUCTION_CASE
http://w3id.org/protys/fixture#Load00018_Flow_Water,http://w3id.org/protys/fixture#Load00018_LCIProcess,http://w3id.org/protys/fixture#Load00018_Process,http://w3id.org/protys/fixture#Water,54.39,kg,ProductFlow,PURCHASED_TECHNOSPHERE_INPUT,NO,SIMULATED_PRODUCTION_CASE
http://w3id.org/protys/fixture#Load00018_Flow_Biocide,http://w3id.org/protys/fixture#Load00018_LCIProcess,http://w3id.org/protys/fixture#Load00018_Process,http://w3id.org/protys/fixture#Biocide,1.11,kg,ProductFlow,PURCHASED_TECHNOSPHERE_INPUT,NO,SIMULATED_PRODUCTION_CASE
http://w3id.org/protys/fixture#Load00019_Flow_TitaniumDioxide,http://w3id.org/protys/fixture#Load00019_LCIProcess,http://w3id.org/protys/fixture#Load00019_Process,http://w3id.org/protys/fixture#TitaniumDioxide,25.4,kg,ProductFlow,PURCHASED_TECHNOSPHERE_INPUT,NO,SIMULATED_PRODUCTION_CASE
http://w3id.org/protys/fixture#Load00019_Flow_AcrylicResin,http://w3id.org/protys/fixture#Load00019_LCIProcess,http://w3id.org/protys/fixture#Load00019_Process,http://w3id.org/protys/fixture#AcrylicResin,38.1,kg,ProductFlow,PURCHASED_TECHNOSPHERE_INPUT,NO,SIMULATED_PRODUCTION_CASE
http://w3id.org/protys/fixture#Load00019_Flow_Water,http://w3id.org/protys/fixture#Load00019_LCIProcess,http://w3id.org/protys/fixture#Load00019_Process,http://w3id.org/protys/fixture#Water,62.23,kg,ProductFlow,PURCHASED_TECHNOSPHERE_INPUT,NO,SIMULATED_PRODUCTION_CASE
http://w3id.org/protys/fixture#Load00019_Flow_Biocide,http://w3id.org/protys/fixture#Load00019_LCIProcess,http://w3id.org/protys/fixture#Load00019_Process,http://w3id.org/protys/fixture#Biocide,1.27,kg,ProductFlow,PURCHASED_TECHNOSPHERE_INPUT,NO,SIMULATED_PRODUCTION_CASE
