subload_iri,operation_iri,lot_iri,volume_l,volume_unit,duration_minutes,start_seconds,end_seconds,time_reference,scenario_role
http://w3id.org/protys/fixture#Load00000_Op2_Subload1,http://w3id.org/protys/fixture#Load00000_Op2,http://w3id.org/protys/fixture#Load00000,50,L,6.666667,600,1000.000020,COMMON_ARBITRARY_ORIGIN_SECONDS,SIMULATED_PRODUCTION_CASE
http://w3id.org/protys/fixture#Load00000_Op2_Subload2,http://w3id.org/protys/fixture#Load00000_Op2,http://w3id.org/protys/fixture#Load00000,50,L,6.666667,1000.000020,1400.000040,COMMON_ARBITRARY_ORIGIN_SECONDS,SIMULATED_PRODUCTION_CASE
http://w3id.org/protys/fixture#Load00000_Op2_Subload3,http://w3id.org/protys/fixture#Load00000_Op2,http://w3id.org/protys/fixture#Load00000,44.8,L,6.666666,1400.000040,1800.000000,COMMON_ARBITRARY_ORIGIN_SECONDS,SIMULATED_PRODUCTION_CASE
http://w3id.org/protys/fixture#Load00001_Op2_Subload1,http://w3id.org/protys/fixture#Load00001_Op2,http://w3id.org/protys/fixture#Load00001,50,L,10.000000,10600,11200.000000,COMMON_ARBITRARY_ORIGIN_SECONDS,SIMULATED_PRODUCTION_CASE
http://w3id.org/protys/fixture#Load00001_Op2_Subload2,http://w3id.org/protys/fixture#Load00001_Op2,http://w3id.org/protys/fixture#Load00001,41.2,L,10.000000,11200.000000,11800.000000,COMMON_ARBITRARY_ORIGIN_SECONDS,SIMULATED_PRODUCTION_CASE
http://w3id.org/protys/fixture#Load00002_Op2_Subload1,http://w3id.org/protys/fixture#Load00002_Op2,http://w3id.org/protys/fixture#Load00002,50,L,10.000000,20600,21200.000000,COMMON_ARBITRARY_ORIGIN_SECONDS,SIMULATED_PRODUCTION_CASE
http://w3id.org/protys/fixture#Load00002_Op2_Subload2,http://w3id.org/protys/fixture#Load00002_Op2,http://w3id.org/protys/fixture#Load00002,32.4,L,10.000000,21200.000000,21800.000000,COMMON_ARBITRARY_ORIGIN_SECONDS,SIMULATED_PRODUCTION_CASE
http://w3id.org/protys/fixture#Load00003_Op2_Subload1,http://w3id.org/protys/fixture#Load00003_Op2,http://w3id.org/protys/fixture#Load00003,50,L,5.000000,30600,30900.000000,COMMON_ARBITRARY_ORIGIN_SECONDS,SIMULATED_PRODUCTION_CASE
http://w3id.org/protys/fixture#Load00003_Op2_Subload2,http://w3id.org/protys/fixture#Load00003_Op2,http://w3id.org/protys/fixture#Load00003,50,L,5.000000,30900.000000,31200.000000,COMMON_ARBITRARY_ORIGIN_SECONDS,SIMULATED_PRODUCTION_CASE
http://w3id.org/protys/fixture#Load00003_Op2_Subload3,http://w3id.org/protys/fixture#Load00003_Op2,http://w3id.org/protys/fixture#Load00003,50,L,5.000000,31200.000000,31500.000000,COMMON_ARBITRARY_ORIGIN_SECONDS,SIMULATED_PRODUCTION_CASE
http://w3id.org/protys/fixture#Load00003_Op2_Subload4,http://w3id.org/protys/fixture#Load00003_Op2,http://w3id.org/protys/fixture#Load00003,5.2,L,5.000000,31500.000000,31800.000000,COMMON_ARBITRARY_ORIGIN_SECONDS,SIMULATED_PRODUCTION_CASE
http://w3id.org/protys/fixture#Load00004_Op2_Subload1,http://w3id.org/protys/fixture#Load00004_Op2,http://w3id.org/protys/fixture#Load00004,50,L,6.666667,40600,41000.000020,COMMON_ARBITRARY_ORIGIN_SECONDS,SIMULATED_PRODUCTION_CASE
http://w3id.org/protys/fixture#Load00004_Op2_Subload2,http://w3id.org/protys/fixture#Load00004_Op2,http://w3id.org/protys/fixture#Load00004,50,L,6.666667,41000.000020,41400.000040,COMMON_ARBITRARY_ORIGIN_SECONDS,SIMULATED_PRODUCTION_CASE
http://w3id.org/protys/fixture#Load00004_Op2_Subload3,http://w3id.org/protys/fixture#Load00004_Op2,http://w3id.org/protys/fixture#Load00004,8,L,6.666666,41400.000040,41800.000000,COMMON_ARBITRARY_ORIGIN_SECONDS,SIMULATED_PRODUCTION_CASE
http://w3id.org/protys/fixture#Load00005_Op2_Subload1,http://w3id.org/protys/fixture#Load00005_Op2,http://w3id.org/protys/fixture#Load00005,50,L,6.666667,50600,51000.000020,COMMON_ARBITRARY_ORIGIN_SECONDS,SIMULATED_PRODUCTION_CASE
http://w3id.org/protys/fixture#Load00005_Op2_Subload2,http://w3id.org/protys/fixture#Load00005_Op2,http://w3id.org/protys/fixture#Load00005,50,L,6.666667,51000.000020,51400.000040,COMMON_ARBITRARY_ORIGIN_SECONDS,SIMULATED_PRODUCTION_CASE
http://w3id.org/protys/fixture#Load00005_Op2_Subload3,http://w3id.org/protys/fixture#Load00005_Op2,http://w3id.org/protys/fixture#Load00005,4.8,L,6.666666,51400.000040,51800.000000,COMMON_ARBITRARY_ORIGIN_SECONDS,SIMULATED_PRODUCTION_CASE
http://w3id.org/protys/fixture#Load00006_Op2_Subload1,http://w3id.org/protys/fixture#Load00006_Op2,http://w3id.org/protys/fixture#Load00006,50,L,6.666667,60600,61000.000020,COMMON_ARBITRARY_ORIGIN_SECONDS,SIMULATED_PRODUCTION_CASE
http://w3id.org/protys/fixture#Load00006_Op2_Subload2,http://w3id.org/protys/fixture#Load00006_Op2,http://w3id.org/protys/fixture#Load00006,50,L,6.666667,61000.000020,61400.000040,COMMON_ARBITRARY_ORIGIN_SECONDS,SIMULATED_PRODUCTION_CASE
http://w3id.org/protys/fixture#Load00006_Op2_Subload3,http://w3id.org/protys/fixture#Load00006_Op2,http://w3id.org/protys/fixture#Load00006,2.4,L,6.666666,61400.000040,61800.000000,COMMON_ARBITRARY_ORIGIN_SECONDS,SIMULATED_PRODUCTION_CASE
http://w3id.org/protys/fixture#Load00007_Op2_Subload1,http://w3id.org/protys/fixture#Load00007_Op2,http://w3id.org/protys/fixture#Load00007,50,L,10.000000,70600,71200.000000,COMMON_ARBITRARY_ORIGIN_SECONDS,SIMULATED_PRODUCTION_CASE
http://w3id.org/protys/fixture#Load00007_Op2_Subload2,http://w3id.org/protys/fixture#Load00007_Op2,http://w3id.org/protys/fixture#Load00007,43.6,L,10.000000,71200.000000,71800.000000,COMMON_ARBITRARY_ORIGIN_SECONDS,SIMULATED_PRODUCTION_CASE
http://w3id.org/protys/fixture#Load00008_Op2_Subload1,http://w3id.org/protys/fixture#Load00008_Op2,http://w3id.org/protys/fixture#Load00008,50,L,5.000000,80600,80900.000000,COMMON_ARBITRARY_ORIGIN_SECONDS,SIMULATED_PRODUCTION_CASE
http://w3id.org/protys/fixture#Load00008_Op2_Subload2,http://w3id.org/protys/fixture#Load00008_Op2,http://w3id.org/protys/fixture#Load00008,50,L,5.000000,80900.000000,81200.000000,COMMON_ARBITRARY_ORIGIN_SECONDS,SIMULATED_PRODUCTION_CASE
http://w3id.org/protys/fixture#Load00008_Op2_Subload3,http://w3id.org/protys/fixture#Load00008_Op2,http://w3id.org/protys/fixture#Load00008,50,L,5.000000,81200.000000,81500.000000,COMMON_ARBITRARY_ORIGIN_SECONDS,SIMULATED_PRODUCTION_CASE
http://w3id.org/protys/fixture#Load00008_Op2_Subload4,http://w3id.org/protys/fixture#Load00008_Op2,http://w3id.org/protys/fixture#Load00008,5.2,L,5.000000,81500.000000,81800.000000,COMMON_ARBITRARY_ORIGIN_SECONDS,SIMULATED_PRODUCTION_CASE
http://w3id.org/protys/fixture#Load00009_Op2_Subload1,http://w3id.org/protys/fixture#Load00009_Op2,http://w3id.org/protys/fixture#Load00009,50,L,10.000000,90600,91200.000000,COMMON_ARBITRARY_ORIGIN_SECONDS,SIMULATED_PRODUCTION_CASE
http://w3id.org/protys/fixture#Load00009_Op2_Subload2,http://w3id.org/protys/fixture#Load00009_Op2,http://w3id.org/protys/fixture#Load00009,40.4,L,10.000000,91200.000000,91800.000000,COMMON_ARBITRARY_ORIGIN_SECONDS,SIMULATED_PRODUCTION_CASE
http://w3id.org/protys/fixture#Load00010_Op2_Subload1,http://w3id.org/protys/fixture#Load00010_Op2,http://w3id.org/protys/fixture#Load00010,50,L,6.666667,100600,101000.000020,COMMON_ARBITRARY_ORIGIN_SECONDS,SIMULATED_PRODUCTION_CASE
http://w3id.org/protys/fixture#Load00010_Op2_Subload2,http://w3id.org/protys/fixture#Load00010_Op2,http://w3id.org/protys/fixture#Load00010,50,L,6.666667,101000.000020,101400.000040,COMMON_ARBITRARY_ORIGIN_SECONDS,SIMULATED_PRODUCTION_CASE
http://w3id.org/protys/fixture#Load00010_Op2_Subload3,http://w3id.org/protys/fixture#Load00010_Op2,http://w3id.org/protys/fixture#Load00010,48.8,L,6.666666,101400.000040,101800.000000,COMMON_ARBITRARY_ORIGIN_SECONDS,SIMULATED_PRODUCTION_CASE
http://w3id.org/protys/fixture#Load00011_Op2_Subload1,http://w3id.org/protys/fixture#Load00011_Op2,http://w3id.org/protys/fixture#Load00011,50,L,5.000000,110600,110900.000000,COMMON_ARBITRARY_ORIGIN_SECONDS,SIMULATED_PRODUCTION_CASE
http://w3id.org/protys/fixture#Load00011_Op2_Subload2,http://w3id.org/protys/fixture#Load00011_Op2,http://w3id.org/protys/fixture#Load00011,50,L,5.000000,110900.000000,111200.000000,COMMON_ARBITRARY_ORIGIN_SECONDS,SIMULATED_PRODUCTION_CASE
http://w3id.org/protys/fixture#Load00011_Op2_Subload3,http://w3id.org/protys/fixture#Load00011_Op2,http://w3id.org/protys/fixture#Load00011,50,L,5.000000,111200.000000,111500.000000,COMMON_ARBITRARY_ORIGIN_SECONDS,SIMULATED_PRODUCTION_CASE
http://w3id.org/protys/fixture#Load00011_Op2_Subload4,http://w3id.org/protys/fixture#Load00011_Op2,http://w3id.org/protys/fixture#Load00011,5.2,L,5.000000,111500.000000,111800.000000,COMMON_ARBITRARY_ORIGIN_SECONDS,SIMULATED_PRODUCTION_CASE
http://w3id.org/protys/fixture#Load00012_Op2_Subload1,http://w3id.org/protys/fixture#Load00012_Op2,http://w3id.org/protys/fixture#Load00012,50,L,6.666667,120600,121000.000020,COMMON_ARBITRARY_ORIGIN_SECONDS,SIMULATED_PRODUCTION_CASE
http://w3id.org/protys/fixture#Load00012_Op2_Subload2,http://w3id.org/protys/fixture#Load00012_Op2,http://w3id.org/protys/fixture#Load00012,50,L,6.666667,121000.000020,121400.000040,COMMON_ARBITRARY_ORIGIN_SECONDS,SIMULATED_PRODUCTION_CASE
http://w3id.org/protys/fixture#Load00012_Op2_Subload3,http://w3id.org/protys/fixture#Load00012_Op2,http://w3id.org/protys/fixture#Load00012,35.2,L,6.666666,121400.000040,121800.000000,COMMON_ARBITRARY_ORIGIN_SECONDS,SIMULATED_PRODUCTION_CASE
http://w3id.org/protys/fixture#Load00013_Op2_Subload1,http://w3id.org/protys/fixture#Load00013_Op2,http://w3id.org/protys/fixture#Load00013,50,L,10.000000,130600,131200.000000,COMMON_ARBITRARY_ORIGIN_SECONDS,SIMULATED_PRODUCTION_CASE
http://w3id.org/protys/fixture#Load00013_Op2_Subload2,http://w3id.org/protys/fixture#Load00013_Op2,http://w3id.org/protys/fixture#Load00013,38.8,L,10.000000,131200.000000,131800.000000,COMMON_ARBITRARY_ORIGIN_SECONDS,SIMULATED_PRODUCTION_CASE
http://w3id.org/protys/fixture#Load00014_Op2_Subload1,http://w3id.org/protys/fixture#Load00014_Op2,http://w3id.org/protys/fixture#Load00014,50,L,6.666667,140600,141000.000020,COMMON_ARBITRARY_ORIGIN_SECONDS,SIMULATED_PRODUCTION_CASE
http://w3id.org/protys/fixture#Load00014_Op2_Subload2,http://w3id.org/protys/fixture#Load00014_Op2,http://w3id.org/protys/fixture#Load00014,50,L,6.666667,141000.000020,141400.000040,COMMON_ARBITRARY_ORIGIN_SECONDS,SIMULATED_PRODUCTION_CASE
http://w3id.org/protys/fixture#Load00014_Op2_Subload3,http://w3id.org/protys/fixture#Load00014_Op2,http://w3id.org/protys/fixture#Load00014,40,L,6.666666,141400.000040,141800.000000,COMMON_ARBITRARY_ORIGIN_SECONDS,SIMULATED_PRODUCTION_CASE
http://w3id.org/protys/fixture#Load00015_Op2_Subload1,http://w3id.org/protys/fixture#Load00015_Op2,http://w3id.org/protys/fixture#Load00015,50,L,6.666667,150600,151000.000020,COMMON_ARBITRARY_ORIGIN_SECONDS,SIMULATED_PRODUCTION_CASE
http://w3id.org/protys/fixture#Load00015_Op2_Subload2,http://w3id.org/protys/fixture#Load00015_Op2,http://w3id.org/protys/fixture#Load00015,50,L,6.666667,151000.000020,151400.000040,COMMON_ARBITRARY_ORIGIN_SECONDS,SIMULATED_PRODUCTION_CASE
http://w3id.org/protys/fixture#Load00015_Op2_Subload3,http://w3id.org/protys/fixture#Load00015_Op2,http://w3id.org/protys/fixture#Load00015,23.2,L,6.666666,151400.000040,151800.000000,COMMON_ARBITRARY_ORIGIN_SECONDS,SIMULATED_PRODUCTION_CASE
http://w3id.org/protys/fixture#Load00016_Op2_Subload1,http://w3id.org/protys/fixture#Load00016_Op2,http://w3id.org/protys/fixture#Load00016,50,L,10.000000,160600,161200.000000,COMMON_ARBITRARY_ORIGIN_SECONDS,SIMULATED_PRODUCTION_CASE
http://w3id.org/protys/fixture#Load00016_Op2_Subload2,http://w3id.org/protys/fixture#Load00016_Op2,http://w3id.org/protys/fixture#Load00016,33.2,L,10.000000,161200.000000,161800.000000,COMMON_ARBITRARY_ORIGIN_SECONDS,SIMULATED_PRODUCTION_CASE
http://w3id.org/protys/fixture#Load00017_Op2_Subload1,http://w3id.org/protys/fixture#Load00017_Op2,http://w3id.org/protys/fixture#Load00017,50,L,10.000000,170600,171200.000000,COMMON_ARBITRARY_ORIGIN_SECONDS,SIMULATED_PRODUCTION_CASE
http://w3id.org/protys/fixture#Load00017_Op2_Subload2,http://w3id.org/protys/fixture#Load00017_Op2,http://w3id.org/protys/fixture#Load00017,32.4,L,10.000000,171200.000000,171800.000000,COMMON_ARBITRARY_ORIGIN_SECONDS,SIMULATED_PRODUCTION_CASE
http://w3id.org/protys/fixture#Load00018_Op2_Subload1,http://w3id.org/protys/fixture#Load00018_Op2,http://w3id.org/protys/fixture#Load00018,50,L,10.000000,180600,181200.000000,COMMON_ARBITRARY_ORIGIN_SECONDS,SIMULATED_PRODUCTION_CASE
http://w3id.org/protys/fixture#Load00018_Op2_Subload2,http://w3id.org/protys/fixture#Load00018_Op2,http://w3id.org/protys/fixture#Load00018,38.8,L,10.000000,181200.000000,181800.000000,COMMON_ARBITRARY_ORIGIN_SECONDS,SIMULATED_PRODUCTION_CASE
http://w3id.org/protys/fixture#Load00019_Op2_Subload1,http://w3id.org/protys/fixture#Load00019_Op2,http://w3id.org/protys/fixture#Load00019,50,L,6.666667,190600,191000.000020,COMMON_ARBITRARY_ORIGIN_SECONDS,SIMULATED_PRODUCTION_CASE
http://w3id.org/protys/fixture#Load00019_Op2_Subload2,http://w3id.org/protys/fixture#Load00019_Op2,http://w3id.org/protys/fixture#Load00019,50,L,6.666667,191000.000020,191400.000040,COMMON_ARBITRARY_ORIGIN_SECONDS,SIMULATED_PRODUCTION_CASE
http://w3id.org/protys/fixture#Load00019_Op2_Subload3,http://w3id.org/protys/fixture#Load00019_Op2,http://w3id.org/protys/fixture#Load00019,1.6,L,6.666666,191400.000040,191800.000000,COMMON_ARBITRARY_ORIGIN_SECONDS,SIMULATED_PRODUCTION_CASE
