operation_iri,lot_iri,process_iri,stage_index,stage_name,duration_minutes,energy_kwh,energy_unit,input_mass_kg,output_mass_kg,registered_loss_kg,mass_unit,scenario_role
http://w3id.org/protys/fixture#Load00000_Op1,http://w3id.org/protys/fixture#Load00000,http://w3id.org/protys/fixture#Load00000_Process,1,Recepción e inspección,10,0,kWh,181,181,0,kg,SIMULATED_PRODUCTION_CASE
http://w3id.org/protys/fixture#Load00000_Op2,http://w3id.org/protys/fixture#Load00000,http://w3id.org/protys/fixture#Load00000_Process,2,Dispersión de pigmentos,20,10,kWh,181,181,0,kg,SIMULATED_PRODUCTION_CASE
http://w3id.org/protys/fixture#Load00000_Op3,http://w3id.org/protys/fixture#Load00000,http://w3id.org/protys/fixture#Load00000_Process,3,Mezcla principal,30,75,kWh,181,181,0,kg,SIMULATED_PRODUCTION_CASE
http://w3id.org/protys/fixture#Load00000_Op4,http://w3id.org/protys/fixture#Load00000,http://w3id.org/protys/fixture#Load00000_Process,4,Ajuste de viscosidad,10,26.666667,kWh,181,181,0,kg,SIMULATED_PRODUCTION_CASE
http://w3id.org/protys/fixture#Load00000_Op5,http://w3id.org/protys/fixture#Load00000,http://w3id.org/protys/fixture#Load00000_Process,5,Filtrado,10,3.333333,kWh,181,181,0,kg,SIMULATED_PRODUCTION_CASE
http://w3id.org/protys/fixture#Load00000_Op6,http://w3id.org/protys/fixture#Load00000,http://w3id.org/protys/fixture#Load00000_Process,6,Control de calidad,20,0,kWh,181,181,0,kg,SIMULATED_PRODUCTION_CASE
http://w3id.org/protys/fixture#Load00000_Op7,http://w3id.org/protys/fixture#Load00000,http://w3id.org/protys/fixture#Load00000_Process,7,Envasado,10,0.333333,kWh,181,177.38,3.62,kg,SIMULATED_PRODUCTION_CASE
http://w3id.org/protys/fixture#Load00001_Op1,http://w3id.org/protys/fixture#Load00001,http://w3id.org/protys/fixture#Load00001_Process,1,Recepción e inspección,10,0,kWh,114,114,0,kg,SIMULATED_PRODUCTION_CASE
http://w3id.org/protys/fixture#Load00001_Op2,http://w3id.org/protys/fixture#Load00001,http://w3id.org/protys/fixture#Load00001_Process,2,Dispersión de pigmentos,20,10,kWh,114,114,0,kg,SIMULATED_PRODUCTION_CASE
http://w3id.org/protys/fixture#Load00001_Op3,http://w3id.org/protys/fixture#Load00001,http://w3id.org/protys/fixture#Load00001_Process,3,Mezcla principal,30,75,kWh,114,114,0,kg,SIMULATED_PRODUCTION_CASE
http://w3id.org/protys/fixture#Load00001_Op4,http://w3id.org/protys/fixture#Load00001,http://w3id.org/protys/fixture#Load00001_Process,4,Ajuste de viscosidad,10,26.666667,kWh,114,114,0,kg,SIMULATED_PRODUCTION_CASE
http://w3id.org/protys/fixture#Load00001_Op5,http://w3id.org/protys/fixture#Load00001,http://w3id.org/protys/fixture#Load00001_Process,5,Filtrado,10,3.333333,kWh,114,114,0,kg,SIMULATED_PRODUCTION_CASE
http://w3id.org/protys/fixture#Load00001_Op6,http://w3id.org/protys/fixture#Load00001,http://w3id.org/protys/fixture#Load00001_Process,6,Control de calidad,20,0,kWh,114,114,0,kg,SIMULATED_PRODUCTION_CASE
http://w3id.org/protys/fixture#Load00001_Op7,http://w3id.org/protys/fixture#Load00001,http://w3id.org/protys/fixture#Load00001_Process,7,Envasado,10,0.333333,kWh,114,111.72,2.28,kg,SIMULATED_PRODUCTION_CASE
http://w3id.org/protys/fixture#Load00002_Op1,http://w3id.org/protys/fixture#Load00002,http://w3id.org/protys/fixture#Load00002_Process,1,Recepción e inspección,10,0,kWh,103,103,0,kg,SIMULATED_PRODUCTION_CASE
http://w3id.org/protys/fixture#Load00002_Op2,http://w3id.org/protys/fixture#Load00002,http://w3id.org/protys/fixture#Load00002_Process,2,Dispersión de pigmentos,20,10,kWh,103,103,0,kg,SIMULATED_PRODUCTION_CASE
http://w3id.org/protys/fixture#Load00002_Op3,http://w3id.org/protys/fixture#Load00002,http://w3id.org/protys/fixture#Load00002_Process,3,Mezcla principal,30,75,kWh,103,103,0,kg,SIMULATED_PRODUCTION_CASE
http://w3id.org/protys/fixture#Load00002_Op4,http://w3id.org/protys/fixture#Load00002,http://w3id.org/protys/fixture#Load00002_Process,4,Ajuste de viscosidad,10,26.666667,kWh,103,103,0,kg,SIMULATED_PRODUCTION_CASE
http://w3id.org/protys/fixture#Load00002_Op5,http://w3id.org/protys/fixture#Load00002,http://w3id.org/protys/fixture#Load00002_Process,5,Filtrado,10,3.333333,kWh,103,103,0,kg,SIMULATED_PRODUCTION_CASE
http://w3id.org/protys/fixture#Load00002_Op6,http://w3id.org/protys/fixture#Load00002,http://w3id.org/protys/fixture#Load00002_Process,6,Control de calidad,20,0,kWh,103,103,0,kg,SIMULATED_PRODUCTION_CASE
http://w3id.org/protys/fixture#Load00002_Op7,http://w3id.org/protys/fixture#Load00002,http://w3id.org/protys/fixture#Load00002_Process,7,Envasado,10,0.333333,kWh,103,100.94,2.06,kg,SIMULATED_PRODUCTION_CASE
http://w3id.org/protys/fixture#Load00003_Op1,http://w3id.org/protys/fixture#Load00003,http://w3id.org/protys/fixture#Load00003_Process,1,Recepción e inspección,10,0,kWh,194,194,0,kg,SIMULATED_PRODUCTION_CASE
http://w3id.org/protys/fixture#Load00003_Op2,http://w3id.org/protys/fixture#Load00003,http://w3id.org/protys/fixture#Load00003_Process,2,Dispersión de pigmentos,20,10,kWh,194,194,0,kg,SIMULATED_PRODUCTION_CASE
http://w3id.org/protys/fixture#Load00003_Op3,http://w3id.org/protys/fixture#Load00003,http://w3id.org/protys/fixture#Load00003_Process,3,Mezcla principal,30,75,kWh,194,194,0,kg,SIMULATED_PRODUCTION_CASE
http://w3id.org/protys/fixture#Load00003_Op4,http://w3id.org/protys/fixture#Load00003,http://w3id.org/protys/fixture#Load00003_Process,4,Ajuste de viscosidad,10,26.666667,kWh,194,194,0,kg,SIMULATED_PRODUCTION_CASE
http://w3id.org/protys/fixture#Load00003_Op5,http://w3id.org/protys/fixture#Load00003,http://w3id.org/protys/fixture#Load00003_Process,5,Filtrado,10,3.333333,kWh,194,194,0,kg,SIMULATED_PRODUCTION_CASE
http://w3id.org/protys/fixture#Load00003_Op6,http://w3id.org/protys/fixture#Load00003,http://w3id.org/protys/fixture#Load00003_Process,6,Control de calidad,20,0,kWh,194,194,0,kg,SIMULATED_PRODUCTION_CASE
http://w3id.org/protys/fixture#Load00003_Op7,http://w3id.org/protys/fixture#Load00003,http://w3id.org/protys/fixture#Load00003_Process,7,Envasado,10,0.333333,kWh,194,190.12,3.88,kg,SIMULATED_PRODUCTION_CASE
http://w3id.org/protys/fixture#Load00004_Op1,http://w3id.org/protys/fixture#Load00004,http://w3id.org/protys/fixture#Load00004_Process,1,Recepción e inspección,10,0,kWh,135,135,0,kg,SIMULATED_PRODUCTION_CASE
http://w3id.org/protys/fixture#Load00004_Op2,http://w3id.org/protys/fixture#Load00004,http://w3id.org/protys/fixture#Load00004_Process,2,Dispersión de pigmentos,20,10,kWh,135,135,0,kg,SIMULATED_PRODUCTION_CASE
http://w3id.org/protys/fixture#Load00004_Op3,http://w3id.org/protys/fixture#Load00004,http://w3id.org/protys/fixture#Load00004_Process,3,Mezcla principal,30,75,kWh,135,135,0,kg,SIMULATED_PRODUCTION_CASE
http://w3id.org/protys/fixture#Load00004_Op4,http://w3id.org/protys/fixture#Load00004,http://w3id.org/protys/fixture#Load00004_Process,4,Ajuste de viscosidad,10,26.666667,kWh,135,135,0,kg,SIMULATED_PRODUCTION_CASE
http://w3id.org/protys/fixture#Load00004_Op5,http://w3id.org/protys/fixture#Load00004,http://w3id.org/protys/fixture#Load00004_Process,5,Filtrado,10,3.333333,kWh,135,135,0,kg,SIMULATED_PRODUCTION_CASE
http://w3id.org/protys/fixture#Load00004_Op6,http://w3id.org/protys/fixture#Load00004,http://w3id.org/protys/fixture#Load00004_Process,6,Control de calidad,20,0,kWh,135,135,0,kg,SIMULATED_PRODUCTION_CASE
http://w3id.org/protys/fixture#Load00004_Op7,http://w3id.org/protys/fixture#Load00004,http://w3id.org/protys/fixture#Load00004_Process,7,Envasado,10,0.333333,kWh,135,132.30,2.70,kg,SIMULATED_PRODUCTION_CASE
http://w3id.org/protys/fixture#Load00005_Op1,http://w3id.org/protys/fixture#Load00005,http://w3id.org/protys/fixture#Load00005_Process,1,Recepción e inspección,10,0,kWh,131,131,0,kg,SIMULATED_PRODUCTION_CASE
http://w3id.org/protys/fixture#Load00005_Op2,http://w3id.org/protys/fixture#Load00005,http://w3id.org/protys/fixture#Load00005_Process,2,Dispersión de pigmentos,20,10,kWh,131,131,0,kg,SIMULATED_PRODUCTION_CASE
http://w3id.org/protys/fixture#Load00005_Op3,http://w3id.org/protys/fixture#Load00005,http://w3id.org/protys/fixture#Load00005_Process,3,Mezcla principal,30,75,kWh,131,131,0,kg,SIMULATED_PRODUCTION_CASE
http://w3id.org/protys/fixture#Load00005_Op4,http://w3id.org/protys/fixture#Load00005,http://w3id.org/protys/fixture#Load00005_Process,4,Ajuste de viscosidad,10,26.666667,kWh,131,131,0,kg,SIMULATED_PRODUCTION_CASE
http://w3id.org/protys/fixture#Load00005_Op5,http://w3id.org/protys/fixture#Load00005,http://w3id.org/protys/fixture#Load00005_Process,5,Filtrado,10,3.333333,kWh,131,131,0,kg,SIMULATED_PRODUCTION_CASE
http://w3id.org/protys/fixture#Load00005_Op6,http://w3id.org/protys/fixture#Load00005,http://w3id.org/protys/fixture#Load00005_Process,6,Control de calidad,20,0,kWh,131,131,0,kg,SIMULATED_PRODUCTION_CASE
http://w3id.org/protys/fixture#Load00005_Op7,http://w3id.org/protys/fixture#Load00005,http://w3id.org/protys/fixture#Load00005_Process,7,Envasado,10,0.333333,kWh,131,128.38,2.62,kg,SIMULATED_PRODUCTION_CASE
http://w3id.org/protys/fixture#Load00006_Op1,http://w3id.org/protys/fixture#Load00006,http://w3id.org/protys/fixture#Load00006_Process,1,Recepción e inspección,10,0,kWh,128,128,0,kg,SIMULATED_PRODUCTION_CASE
http://w3id.org/protys/fixture#Load00006_Op2,http://w3id.org/protys/fixture#Load00006,http://w3id.org/protys/fixture#Load00006_Process,2,Dispersión de pigmentos,20,10,kWh,128,128,0,kg,SIMULATED_PRODUCTION_CASE
http://w3id.org/protys/fixture#Load00006_Op3,http://w3id.org/protys/fixture#Load00006,http://w3id.org/protys/fixture#Load00006_Process,3,Mezcla principal,30,75,kWh,128,128,0,kg,SIMULATED_PRODUCTION_CASE
http://w3id.org/protys/fixture#Load00006_Op4,http://w3id.org/protys/fixture#Load00006,http://w3id.org/protys/fixture#Load00006_Process,4,Ajuste de viscosidad,10,26.666667,kWh,128,128,0,kg,SIMULATED_PRODUCTION_CASE
http://w3id.org/protys/fixture#Load00006_Op5,http://w3id.org/protys/fixture#Load00006,http://w3id.org/protys/fixture#Load00006_Process,5,Filtrado,10,3.333333,kWh,128,128,0,kg,SIMULATED_PRODUCTION_CASE
http://w3id.org/protys/fixture#Load00006_Op6,http://w3id.org/protys/fixture#Load00006,http://w3id.org/protys/fixture#Load00006_Process,6,Control de calidad,20,0,kWh,128,128,0,kg,SIMULATED_PRODUCTION_CASE
http://w3id.org/protys/fixture#Load00006_Op7,http://w3id.org/protys/fixture#Load00006,http://w3id.org/protys/fixture#Load00006_Process,7,Envasado,10,0.333333,kWh,128,125.44,2.56,kg,SIMULATED_PRODUCTION_CASE
http://w3id.org/protys/fixture#Load00007_Op1,http://w3id.org/protys/fixture#Load00007,http://w3id.org/protys/fixture#Load00007_Process,1,Recepción e inspección,10,0,kWh,117,117,0,kg,SIMULATED_PRODUCTION_CASE
http://w3id.org/protys/fixture#Load00007_Op2,http://w3id.org/protys/fixture#Load00007,http://w3id.org/protys/fixture#Load00007_Process,2,Dispersión de pigmentos,20,10,kWh,117,117,0,kg,SIMULATED_PRODUCTION_CASE
http://w3id.org/protys/fixture#Load00007_Op3,http://w3id.org/protys/fixture#Load00007,http://w3id.org/protys/fixture#Load00007_Process,3,Mezcla principal,30,75,kWh,117,117,0,kg,SIMULATED_PRODUCTION_CASE
http://w3id.org/protys/fixture#Load00007_Op4,http://w3id.org/protys/fixture#Load00007,http://w3id.org/protys/fixture#Load00007_Process,4,Ajuste de viscosidad,10,26.666667,kWh,117,117,0,kg,SIMULATED_PRODUCTION_CASE
http://w3id.org/protys/fixture#Load00007_Op5,http://w3id.org/protys/fixture#Load00007,http://w3id.org/protys/fixture#Load00007_Process,5,Filtrado,10,3.333333,kWh,117,117,0,kg,SIMULATED_PRODUCTION_CASE
http://w3id.org/protys/fixture#Load00007_Op6,http://w3id.org/protys/fixture#Load00007,http://w3id.org/protys/fixture#Load00007_Process,6,Control de calidad,20,0,kWh,117,117,0,kg,SIMULATED_PRODUCTION_CASE
http://w3id.org/protys/fixture#Load00007_Op7,http://w3id.org/protys/fixture#Load00007,http://w3id.org/protys/fixture#Load00007_Process,7,Envasado,10,0.333333,kWh,117,114.66,2.34,kg,SIMULATED_PRODUCTION_CASE
http://w3id.org/protys/fixture#Load00008_Op1,http://w3id.org/protys/fixture#Load00008,http://w3id.org/protys/fixture#Load00008_Process,1,Recepción e inspección,10,0,kWh,194,194,0,kg,SIMULATED_PRODUCTION_CASE
http://w3id.org/protys/fixture#Load00008_Op2,http://w3id.org/protys/fixture#Load00008,http://w3id.org/protys/fixture#Load00008_Process,2,Dispersión de pigmentos,20,10,kWh,194,194,0,kg,SIMULATED_PRODUCTION_CASE
http://w3id.org/protys/fixture#Load00008_Op3,http://w3id.org/protys/fixture#Load00008,http://w3id.org/protys/fixture#Load00008_Process,3,Mezcla principal,30,75,kWh,194,194,0,kg,SIMULATED_PRODUCTION_CASE
http://w3id.org/protys/fixture#Load00008_Op4,http://w3id.org/protys/fixture#Load00008,http://w3id.org/protys/fixture#Load00008_Process,4,Ajuste de viscosidad,10,26.666667,kWh,194,194,0,kg,SIMULATED_PRODUCTION_CASE
http://w3id.org/protys/fixture#Load00008_Op5,http://w3id.org/protys/fixture#Load00008,http://w3id.org/protys/fixture#Load00008_Process,5,Filtrado,10,3.333333,kWh,194,194,0,kg,SIMULATED_PRODUCTION_CASE
http://w3id.org/protys/fixture#Load00008_Op6,http://w3id.org/protys/fixture#Load00008,http://w3id.org/protys/fixture#Load00008_Process,6,Control de calidad,20,0,kWh,194,194,0,kg,SIMULATED_PRODUCTION_CASE
http://w3id.org/protys/fixture#Load00008_Op7,http://w3id.org/protys/fixture#Load00008,http://w3id.org/protys/fixture#Load00008_Process,7,Envasado,10,0.333333,kWh,194,190.12,3.88,kg,SIMULATED_PRODUCTION_CASE
http://w3id.org/protys/fixture#Load00009_Op1,http://w3id.org/protys/fixture#Load00009,http://w3id.org/protys/fixture#Load00009_Process,1,Recepción e inspección,10,0,kWh,113,113,0,kg,SIMULATED_PRODUCTION_CASE
http://w3id.org/protys/fixture#Load00009_Op2,http://w3id.org/protys/fixture#Load00009,http://w3id.org/protys/fixture#Load00009_Process,2,Dispersión de pigmentos,20,10,kWh,113,113,0,kg,SIMULATED_PRODUCTION_CASE
http://w3id.org/protys/fixture#Load00009_Op3,http://w3id.org/protys/fixture#Load00009,http://w3id.org/protys/fixture#Load00009_Process,3,Mezcla principal,30,75,kWh,113,113,0,kg,SIMULATED_PRODUCTION_CASE
http://w3id.org/protys/fixture#Load00009_Op4,http://w3id.org/protys/fixture#Load00009,http://w3id.org/protys/fixture#Load00009_Process,4,Ajuste de viscosidad,10,26.666667,kWh,113,113,0,kg,SIMULATED_PRODUCTION_CASE
http://w3id.org/protys/fixture#Load00009_Op5,http://w3id.org/protys/fixture#Load00009,http://w3id.org/protys/fixture#Load00009_Process,5,Filtrado,10,3.333333,kWh,113,113,0,kg,SIMULATED_PRODUCTION_CASE
http://w3id.org/protys/fixture#Load00009_Op6,http://w3id.org/protys/fixture#Load00009,http://w3id.org/protys/fixture#Load00009_Process,6,Control de calidad,20,0,kWh,113,113,0,kg,SIMULATED_PRODUCTION_CASE
http://w3id.org/protys/fixture#Load00009_Op7,http://w3id.org/protys/fixture#Load00009,http://w3id.org/protys/fixture#Load00009_Process,7,Envasado,10,0.333333,kWh,113,110.74,2.26,kg,SIMULATED_PRODUCTION_CASE
http://w3id.org/protys/fixture#Load00010_Op1,http://w3id.org/protys/fixture#Load00010,http://w3id.org/protys/fixture#Load00010_Process,1,Recepción e inspección,10,0,kWh,186,186,0,kg,SIMULATED_PRODUCTION_CASE
http://w3id.org/protys/fixture#Load00010_Op2,http://w3id.org/protys/fixture#Load00010,http://w3id.org/protys/fixture#Load00010_Process,2,Dispersión de pigmentos,20,10,kWh,186,186,0,kg,SIMULATED_PRODUCTION_CASE
http://w3id.org/protys/fixture#Load00010_Op3,http://w3id.org/protys/fixture#Load00010,http://w3id.org/protys/fixture#Load00010_Process,3,Mezcla principal,30,75,kWh,186,186,0,kg,SIMULATED_PRODUCTION_CASE
http://w3id.org/protys/fixture#Load00010_Op4,http://w3id.org/protys/fixture#Load00010,http://w3id.org/protys/fixture#Load00010_Process,4,Ajuste de viscosidad,10,26.666667,kWh,186,186,0,kg,SIMULATED_PRODUCTION_CASE
http://w3id.org/protys/fixture#Load00010_Op5,http://w3id.org/protys/fixture#Load00010,http://w3id.org/protys/fixture#Load00010_Process,5,Filtrado,10,3.333333,kWh,186,186,0,kg,SIMULATED_PRODUCTION_CASE
http://w3id.org/protys/fixture#Load00010_Op6,http://w3id.org/protys/fixture#Load00010,http://w3id.org/protys/fixture#Load00010_Process,6,Control de calidad,20,0,kWh,186,186,0,kg,SIMULATED_PRODUCTION_CASE
http://w3id.org/protys/fixture#Load00010_Op7,http://w3id.org/protys/fixture#Load00010,http://w3id.org/protys/fixture#Load00010_Process,7,Envasado,10,0.333333,kWh,186,182.28,3.72,kg,SIMULATED_PRODUCTION_CASE
http://w3id.org/protys/fixture#Load00011_Op1,http://w3id.org/protys/fixture#Load00011,http://w3id.org/protys/fixture#Load00011_Process,1,Recepción e inspección,10,0,kWh,194,194,0,kg,SIMULATED_PRODUCTION_CASE
http://w3id.org/protys/fixture#Load00011_Op2,http://w3id.org/protys/fixture#Load00011,http://w3id.org/protys/fixture#Load00011_Process,2,Dispersión de pigmentos,20,10,kWh,194,194,0,kg,SIMULATED_PRODUCTION_CASE
http://w3id.org/protys/fixture#Load00011_Op3,http://w3id.org/protys/fixture#Load00011,http://w3id.org/protys/fixture#Load00011_Process,3,Mezcla principal,30,75,kWh,194,194,0,kg,SIMULATED_PRODUCTION_CASE
http://w3id.org/protys/fixture#Load00011_Op4,http://w3id.org/protys/fixture#Load00011,http://w3id.org/protys/fixture#Load00011_Process,4,Ajuste de viscosidad,10,26.666667,kWh,194,194,0,kg,SIMULATED_PRODUCTION_CASE
http://w3id.org/protys/fixture#Load00011_Op5,http://w3id.org/protys/fixture#Load00011,http://w3id.org/protys/fixture#Load00011_Process,5,Filtrado,10,3.333333,kWh,194,194,0,kg,SIMULATED_PRODUCTION_CASE
http://w3id.org/protys/fixture#Load00011_Op6,http://w3id.org/protys/fixture#Load00011,http://w3id.org/protys/fixture#Load00011_Process,6,Control de calidad,20,0,kWh,194,194,0,kg,SIMULATED_PRODUCTION_CASE
http://w3id.org/protys/fixture#Load00011_Op7,http://w3id.org/protys/fixture#Load00011,http://w3id.org/protys/fixture#Load00011_Process,7,Envasado,10,0.333333,kWh,194,190.12,3.88,kg,SIMULATED_PRODUCTION_CASE
http://w3id.org/protys/fixture#Load00012_Op1,http://w3id.org/protys/fixture#Load00012,http://w3id.org/protys/fixture#Load00012_Process,1,Recepción e inspección,10,0,kWh,169,169,0,kg,SIMULATED_PRODUCTION_CASE
http://w3id.org/protys/fixture#Load00012_Op2,http://w3id.org/protys/fixture#Load00012,http://w3id.org/protys/fixture#Load00012_Process,2,Dispersión de pigmentos,20,10,kWh,169,169,0,kg,SIMULATED_PRODUCTION_CASE
http://w3id.org/protys/fixture#Load00012_Op3,http://w3id.org/protys/fixture#Load00012,http://w3id.org/protys/fixture#Load00012_Process,3,Mezcla principal,30,75,kWh,169,169,0,kg,SIMULATED_PRODUCTION_CASE
http://w3id.org/protys/fixture#Load00012_Op4,http://w3id.org/protys/fixture#Load00012,http://w3id.org/protys/fixture#Load00012_Process,4,Ajuste de viscosidad,10,26.666667,kWh,169,169,0,kg,SIMULATED_PRODUCTION_CASE
http://w3id.org/protys/fixture#Load00012_Op5,http://w3id.org/protys/fixture#Load00012,http://w3id.org/protys/fixture#Load00012_Process,5,Filtrado,10,3.333333,kWh,169,169,0,kg,SIMULATED_PRODUCTION_CASE
http://w3id.org/protys/fixture#Load00012_Op6,http://w3id.org/protys/fixture#Load00012,http://w3id.org/protys/fixture#Load00012_Process,6,Control de calidad,20,0,kWh,169,169,0,kg,SIMULATED_PRODUCTION_CASE
http://w3id.org/protys/fixture#Load00012_Op7,http://w3id.org/protys/fixture#Load00012,http://w3id.org/protys/fixture#Load00012_Process,7,Envasado,10,0.333333,kWh,169,165.62,3.38,kg,SIMULATED_PRODUCTION_CASE
http://w3id.org/protys/fixture#Load00013_Op1,http://w3id.org/protys/fixture#Load00013,http://w3id.org/protys/fixture#Load00013_Process,1,Recepción e inspección,10,0,kWh,111,111,0,kg,SIMULATED_PRODUCTION_CASE
http://w3id.org/protys/fixture#Load00013_Op2,http://w3id.org/protys/fixture#Load00013,http://w3id.org/protys/fixture#Load00013_Process,2,Dispersión de pigmentos,20,10,kWh,111,111,0,kg,SIMULATED_PRODUCTION_CASE
http://w3id.org/protys/fixture#Load00013_Op3,http://w3id.org/protys/fixture#Load00013,http://w3id.org/protys/fixture#Load00013_Process,3,Mezcla principal,30,75,kWh,111,111,0,kg,SIMULATED_PRODUCTION_CASE
http://w3id.org/protys/fixture#Load00013_Op4,http://w3id.org/protys/fixture#Load00013,http://w3id.org/protys/fixture#Load00013_Process,4,Ajuste de viscosidad,10,26.666667,kWh,111,111,0,kg,SIMULATED_PRODUCTION_CASE
http://w3id.org/protys/fixture#Load00013_Op5,http://w3id.org/protys/fixture#Load00013,http://w3id.org/protys/fixture#Load00013_Process,5,Filtrado,10,3.333333,kWh,111,111,0,kg,SIMULATED_PRODUCTION_CASE
http://w3id.org/protys/fixture#Load00013_Op6,http://w3id.org/protys/fixture#Load00013,http://w3id.org/protys/fixture#Load00013_Process,6,Control de calidad,20,0,kWh,111,111,0,kg,SIMULATED_PRODUCTION_CASE
http://w3id.org/protys/fixture#Load00013_Op7,http://w3id.org/protys/fixture#Load00013,http://w3id.org/protys/fixture#Load00013_Process,7,Envasado,10,0.333333,kWh,111,108.78,2.22,kg,SIMULATED_PRODUCTION_CASE
http://w3id.org/protys/fixture#Load00014_Op1,http://w3id.org/protys/fixture#Load00014,http://w3id.org/protys/fixture#Load00014_Process,1,Recepción e inspección,10,0,kWh,175,175,0,kg,SIMULATED_PRODUCTION_CASE
http://w3id.org/protys/fixture#Load00014_Op2,http://w3id.org/protys/fixture#Load00014,http://w3id.org/protys/fixture#Load00014_Process,2,Dispersión de pigmentos,20,10,kWh,175,175,0,kg,SIMULATED_PRODUCTION_CASE
http://w3id.org/protys/fixture#Load00014_Op3,http://w3id.org/protys/fixture#Load00014,http://w3id.org/protys/fixture#Load00014_Process,3,Mezcla principal,30,75,kWh,175,175,0,kg,SIMULATED_PRODUCTION_CASE
http://w3id.org/protys/fixture#Load00014_Op4,http://w3id.org/protys/fixture#Load00014,http://w3id.org/protys/fixture#Load00014_Process,4,Ajuste de viscosidad,10,26.666667,kWh,175,175,0,kg,SIMULATED_PRODUCTION_CASE
http://w3id.org/protys/fixture#Load00014_Op5,http://w3id.org/protys/fixture#Load00014,http://w3id.org/protys/fixture#Load00014_Process,5,Filtrado,10,3.333333,kWh,175,175,0,kg,SIMULATED_PRODUCTION_CASE
http://w3id.org/protys/fixture#Load00014_Op6,http://w3id.org/protys/fixture#Load00014,http://w3id.org/protys/fixture#Load00014_Process,6,Control de calidad,20,0,kWh,175,175,0,kg,SIMULATED_PRODUCTION_CASE
http://w3id.org/protys/fixture#Load00014_Op7,http://w3id.org/protys/fixture#Load00014,http://w3id.org/protys/fixture#Load00014_Process,7,Envasado,10,0.333333,kWh,175,171.50,3.50,kg,SIMULATED_PRODUCTION_CASE
http://w3id.org/protys/fixture#Load00015_Op1,http://w3id.org/protys/fixture#Load00015,http://w3id.org/protys/fixture#Load00015_Process,1,Recepción e inspección,10,0,kWh,154,154,0,kg,SIMULATED_PRODUCTION_CASE
http://w3id.org/protys/fixture#Load00015_Op2,http://w3id.org/protys/fixture#Load00015,http://w3id.org/protys/fixture#Load00015_Process,2,Dispersión de pigmentos,20,10,kWh,154,154,0,kg,SIMULATED_PRODUCTION_CASE
http://w3id.org/protys/fixture#Load00015_Op3,http://w3id.org/protys/fixture#Load00015,http://w3id.org/protys/fixture#Load00015_Process,3,Mezcla principal,30,75,kWh,154,154,0,kg,SIMULATED_PRODUCTION_CASE
http://w3id.org/protys/fixture#Load00015_Op4,http://w3id.org/protys/fixture#Load00015,http://w3id.org/protys/fixture#Load00015_Process,4,Ajuste de viscosidad,10,26.666667,kWh,154,154,0,kg,SIMULATED_PRODUCTION_CASE
http://w3id.org/protys/fixture#Load00015_Op5,http://w3id.org/protys/fixture#Load00015,http://w3id.org/protys/fixture#Load00015_Process,5,Filtrado,10,3.333333,kWh,154,154,0,kg,SIMULATED_PRODUCTION_CASE
http://w3id.org/protys/fixture#Load00015_Op6,http://w3id.org/protys/fixture#Load00015,http://w3id.org/protys/fixture#Load00015_Process,6,Control de calidad,20,0,kWh,154,154,0,kg,SIMULATED_PRODUCTION_CASE
http://w3id.org/protys/fixture#Load00015_Op7,http://w3id.org/protys/fixture#Load00015,http://w3id.org/protys/fixture#Load00015_Process,7,Envasado,10,0.333333,kWh,154,150.92,3.08,kg,SIMULATED_PRODUCTION_CASE
http://w3id.org/protys/fixture#Load00016_Op1,http://w3id.org/protys/fixture#Load00016,http://w3id.org/protys/fixture#Load00016_Process,1,Recepción e inspección,10,0,kWh,104,104,0,kg,SIMULATED_PRODUCTION_CASE
http://w3id.org/protys/fixture#Load00016_Op2,http://w3id.org/protys/fixture#Load00016,http://w3id.org/protys/fixture#Load00016_Process,2,Dispersión de pigmentos,20,10,kWh,104,104,0,kg,SIMULATED_PRODUCTION_CASE
http://w3id.org/protys/fixture#Load00016_Op3,http://w3id.org/protys/fixture#Load00016,http://w3id.org/protys/fixture#Load00016_Process,3,Mezcla principal,30,75,kWh,104,104,0,kg,SIMULATED_PRODUCTION_CASE
http://w3id.org/protys/fixture#Load00016_Op4,http://w3id.org/protys/fixture#Load00016,http://w3id.org/protys/fixture#Load00016_Process,4,Ajuste de viscosidad,10,26.666667,kWh,104,104,0,kg,SIMULATED_PRODUCTION_CASE
http://w3id.org/protys/fixture#Load00016_Op5,http://w3id.org/protys/fixture#Load00016,http://w3id.org/protys/fixture#Load00016_Process,5,Filtrado,10,3.333333,kWh,104,104,0,kg,SIMULATED_PRODUCTION_CASE
http://w3id.org/protys/fixture#Load00016_Op6,http://w3id.org/protys/fixture#Load00016,http://w3id.org/protys/fixture#Load00016_Process,6,Control de calidad,20,0,kWh,104,104,0,kg,SIMULATED_PRODUCTION_CASE
http://w3id.org/protys/fixture#Load00016_Op7,http://w3id.org/protys/fixture#Load00016,http://w3id.org/protys/fixture#Load00016_Process,7,Envasado,10,0.333333,kWh,104,101.92,2.08,kg,SIMULATED_PRODUCTION_CASE
http://w3id.org/protys/fixture#Load00017_Op1,http://w3id.org/protys/fixture#Load00017,http://w3id.org/protys/fixture#Load00017_Process,1,Recepción e inspección,10,0,kWh,103,103,0,kg,SIMULATED_PRODUCTION_CASE
http://w3id.org/protys/fixture#Load00017_Op2,http://w3id.org/protys/fixture#Load00017,http://w3id.org/protys/fixture#Load00017_Process,2,Dispersión de pigmentos,20,10,kWh,103,103,0,kg,SIMULATED_PRODUCTION_CASE
http://w3id.org/protys/fixture#Load00017_Op3,http://w3id.org/protys/fixture#Load00017,http://w3id.org/protys/fixture#Load00017_Process,3,Mezcla principal,30,75,kWh,103,103,0,kg,SIMULATED_PRODUCTION_CASE
http://w3id.org/protys/fixture#Load00017_Op4,http://w3id.org/protys/fixture#Load00017,http://w3id.org/protys/fixture#Load00017_Process,4,Ajuste de viscosidad,10,26.666667,kWh,103,103,0,kg,SIMULATED_PRODUCTION_CASE
http://w3id.org/protys/fixture#Load00017_Op5,http://w3id.org/protys/fixture#Load00017,http://w3id.org/protys/fixture#Load00017_Process,5,Filtrado,10,3.333333,kWh,103,103,0,kg,SIMULATED_PRODUCTION_CASE
http://w3id.org/protys/fixture#Load00017_Op6,http://w3id.org/protys/fixture#Load00017,http://w3id.org/protys/fixture#Load00017_Process,6,Control de calidad,20,0,kWh,103,103,0,kg,SIMULATED_PRODUCTION_CASE
http://w3id.org/protys/fixture#Load00017_Op7,http://w3id.org/protys/fixture#Load00017,http://w3id.org/protys/fixture#Load00017_Process,7,Envasado,10,0.333333,kWh,103,100.94,2.06,kg,SIMULATED_PRODUCTION_CASE
http://w3id.org/protys/fixture#Load00018_Op1,http://w3id.org/protys/fixture#Load00018,http://w3id.org/protys/fixture#Load00018_Process,1,Recepción e inspección,10,0,kWh,111,111,0,kg,SIMULATED_PRODUCTION_CASE
http://w3id.org/protys/fixture#Load00018_Op2,http://w3id.org/protys/fixture#Load00018,http://w3id.org/protys/fixture#Load00018_Process,2,Dispersión de pigmentos,20,10,kWh,111,111,0,kg,SIMULATED_PRODUCTION_CASE
http://w3id.org/protys/fixture#Load00018_Op3,http://w3id.org/protys/fixture#Load00018,http://w3id.org/protys/fixture#Load00018_Process,3,Mezcla principal,30,75,kWh,111,111,0,kg,SIMULATED_PRODUCTION_CASE
http://w3id.org/protys/fixture#Load00018_Op4,http://w3id.org/protys/fixture#Load00018,http://w3id.org/protys/fixture#Load00018_Process,4,Ajuste de viscosidad,10,26.666667,kWh,111,111,0,kg,SIMULATED_PRODUCTION_CASE
http://w3id.org/protys/fixture#Load00018_Op5,http://w3id.org/protys/fixture#Load00018,http://w3id.org/protys/fixture#Load00018_Process,5,Filtrado,10,3.333333,kWh,111,111,0,kg,SIMULATED_PRODUCTION_CASE
http://w3id.org/protys/fixture#Load00018_Op6,http://w3id.org/protys/fixture#Load00018,http://w3id.org/protys/fixture#Load00018_Process,6,Control de calidad,20,0,kWh,111,111,0,kg,SIMULATED_PRODUCTION_CASE
http://w3id.org/protys/fixture#Load00018_Op7,http://w3id.org/protys/fixture#Load00018,http://w3id.org/protys/fixture#Load00018_Process,7,Envasado,10,0.333333,kWh,111,108.78,2.22,kg,SIMULATED_PRODUCTION_CASE
http://w3id.org/protys/fixture#Load00019_Op1,http://w3id.org/protys/fixture#Load00019,http://w3id.org/protys/fixture#Load00019_Process,1,Recepción e inspección,10,0,kWh,127,127,0,kg,SIMULATED_PRODUCTION_CASE
http://w3id.org/protys/fixture#Load00019_Op2,http://w3id.org/protys/fixture#Load00019,http://w3id.org/protys/fixture#Load00019_Process,2,Dispersión de pigmentos,20,10,kWh,127,127,0,kg,SIMULATED_PRODUCTION_CASE
http://w3id.org/protys/fixture#Load00019_Op3,http://w3id.org/protys/fixture#Load00019,http://w3id.org/protys/fixture#Load00019_Process,3,Mezcla principal,30,75,kWh,127,127,0,kg,SIMULATED_PRODUCTION_CASE
http://w3id.org/protys/fixture#Load00019_Op4,http://w3id.org/protys/fixture#Load00019,http://w3id.org/protys/fixture#Load00019_Process,4,Ajuste de viscosidad,10,26.666667,kWh,127,127,0,kg,SIMULATED_PRODUCTION_CASE
http://w3id.org/protys/fixture#Load00019_Op5,http://w3id.org/protys/fixture#Load00019,http://w3id.org/protys/fixture#Load00019_Process,5,Filtrado,10,3.333333,kWh,127,127,0,kg,SIMULATED_PRODUCTION_CASE
http://w3id.org/protys/fixture#Load00019_Op6,http://w3id.org/protys/fixture#Load00019,http://w3id.org/protys/fixture#Load00019_Process,6,Control de calidad,20,0,kWh,127,127,0,kg,SIMULATED_PRODUCTION_CASE
http://w3id.org/protys/fixture#Load00019_Op7,http://w3id.org/protys/fixture#Load00019,http://w3id.org/protys/fixture#Load00019_Process,7,Envasado,10,0.333333,kWh,127,124.46,2.54,kg,SIMULATED_PRODUCTION_CASE
