event_iri,lot_iri,process_iri,event_kind,event_time_seconds,time_reference,scenario_role
http://w3id.org/protys/fixture#Load00000_EventStart,http://w3id.org/protys/fixture#Load00000,http://w3id.org/protys/fixture#Load00000_Process,Start,0,COMMON_ARBITRARY_ORIGIN_SECONDS,SIMULATED_PRODUCTION_CASE
http://w3id.org/protys/fixture#Load00000_EventEnd,http://w3id.org/protys/fixture#Load00000,http://w3id.org/protys/fixture#Load00000_Process,End,6600,COMMON_ARBITRARY_ORIGIN_SECONDS,SIMULATED_PRODUCTION_CASE
http://w3id.org/protys/fixture#Load00001_EventStart,http://w3id.org/protys/fixture#Load00001,http://w3id.org/protys/fixture#Load00001_Process,Start,10000,COMMON_ARBITRARY_ORIGIN_SECONDS,SIMULATED_PRODUCTION_CASE
http://w3id.org/protys/fixture#Load00001_EventEnd,http://w3id.org/protys/fixture#Load00001,http://w3id.org/protys/fixture#Load00001_Process,End,16600,COMMON_ARBITRARY_ORIGIN_SECONDS,SIMULATED_PRODUCTION_CASE
http://w3id.org/protys/fixture#Load00002_EventStart,http://w3id.org/protys/fixture#Load00002,http://w3id.org/protys/fixture#Load00002_Process,Start,20000,COMMON_ARBITRARY_ORIGIN_SECONDS,SIMULATED_PRODUCTION_CASE
http://w3id.org/protys/fixture#Load00002_EventEnd,http://w3id.org/protys/fixture#Load00002,http://w3id.org/protys/fixture#Load00002_Process,End,26600,COMMON_ARBITRARY_ORIGIN_SECONDS,SIMULATED_PRODUCTION_CASE
http://w3id.org/protys/fixture#Load00003_EventStart,http://w3id.org/protys/fixture#Load00003,http://w3id.org/protys/fixture#Load00003_Process,Start,30000,COMMON_ARBITRARY_ORIGIN_SECONDS,SIMULATED_PRODUCTION_CASE
http://w3id.org/protys/fixture#Load00003_EventEnd,http://w3id.org/protys/fixture#Load00003,http://w3id.org/protys/fixture#Load00003_Process,End,36600,COMMON_ARBITRARY_ORIGIN_SECONDS,SIMULATED_PRODUCTION_CASE
http://w3id.org/protys/fixture#Load00004_EventStart,http://w3id.org/protys/fixture#Load00004,http://w3id.org/protys/fixture#Load00004_Process,Start,40000,COMMON_ARBITRARY_ORIGIN_SECONDS,SIMULATED_PRODUCTION_CASE
http://w3id.org/protys/fixture#Load00004_EventEnd,http://w3id.org/protys/fixture#Load00004,http://w3id.org/protys/fixture#Load00004_Process,End,46600,COMMON_ARBITRARY_ORIGIN_SECONDS,SIMULATED_PRODUCTION_CASE
http://w3id.org/protys/fixture#Load00005_EventStart,http://w3id.org/protys/fixture#Load00005,http://w3id.org/protys/fixture#Load00005_Process,Start,50000,COMMON_ARBITRARY_ORIGIN_SECONDS,SIMULATED_PRODUCTION_CASE
http://w3id.org/protys/fixture#Load00005_EventEnd,http://w3id.org/protys/fixture#Load00005,http://w3id.org/protys/fixture#Load00005_Process,End,56600,COMMON_ARBITRARY_ORIGIN_SECONDS,SIMULATED_PRODUCTION_CASE
http://w3id.org/protys/fixture#Load00006_EventStart,http://w3id.org/protys/fixture#Load00006,http://w3id.org/protys/fixture#Load00006_Process,Start,60000,COMMON_ARBITRARY_ORIGIN_SECONDS,SIMULATED_PRODUCTION_CASE
http://w3id.org/protys/fixture#Load00006_EventEnd,http://w3id.org/protys/fixture#Load00006,http://w3id.org/protys/fixture#Load00006_Process,End,66600,COMMON_ARBITRARY_ORIGIN_SECONDS,SIMULATED_PRODUCTION_CASE
http://w3id.org/protys/fixture#Load00007_EventStart,http://w3id.org/protys/fixture#Load00007,http://w3id.org/protys/fixture#Load00007_Process,Start,70000,COMMON_ARBITRARY_ORIGIN_SECONDS,SIMULATED_PRODUCTION_CASE
http://w3id.org/protys/fixture#Load00007_EventEnd,http://w3id.org/protys/fixture#Load00007,http://w3id.org/protys/fixture#Load00007_Process,End,76600,COMMON_ARBITRARY_ORIGIN_SECONDS,SIMULATED_PRODUCTION_CASE
http://w3id.org/protys/fixture#Load00008_EventStart,http://w3id.org/protys/fixture#Load00008,http://w3id.org/protys/fixture#Load00008_Process,Start,80000,COMMON_ARBITRARY_ORIGIN_SECONDS,SIMULATED_PRODUCTION_CASE
http://w3id.org/protys/fixture#Load00008_EventEnd,http://w3id.org/protys/fixture#Load00008,http://w3id.org/protys/fixture#Load00008_Process,End,86600,COMMON_ARBITRARY_ORIGIN_SECONDS,SIMULATED_PRODUCTION_CASE
http://w3id.org/protys/fixture#Load00009_EventStart,http://w3id.org/protys/fixture#Load00009,http://w3id.org/protys/fixture#Load00009_Process,Start,90000,COMMON_ARBITRARY_ORIGIN_SECONDS,SIMULATED_PRODUCTION_CASE
http://w3id.org/protys/fixture#Load00009_EventEnd,http://w3id.org/protys/fixture#Load00009,http://w3id.org/protys/fixture#Load00009_Process,End,96600,COMMON_ARBITRARY_ORIGIN_SECONDS,SIMULATED_PRODUCTION_CASE
http://w3id.org/protys/fixture#Load00010_EventStart,http://w3id.org/protys/fixture#Load00010,http://w3id.org/protys/fixture#Load00010_Process,Start,100000,COMMON_ARBITRARY_ORIGIN_SECONDS,SIMULATED_PRODUCTION_CASE
http://w3id.org/protys/fixture#Load00010_EventEnd,http://w3id.org/protys/fixture#Load00010,http://w3id.org/protys/fixture#Load00010_Process,End,106600,COMMON_ARBITRARY_ORIGIN_SECONDS,SIMULATED_PRODUCTION_CASE
http://w3id.org/protys/fixture#Load00011_EventStart,http://w3id.org/protys/fixture#Load00011,http://w3id.org/protys/fixture#Load00011_Process,Start,110000,COMMON_ARBITRARY_ORIGIN_SECONDS,SIMULATED_PRODUCTION_CASE
http://w3id.org/protys/fixture#Load00011_EventEnd,http://w3id.org/protys/fixture#Load00011,http://w3id.org/protys/fixture#Load00011_Process,End,116600,COMMON_ARBITRARY_ORIGIN_SECONDS,SIMULATED_PRODUCTION_CASE
http://w3id.org/protys/fixture#Load00012_EventStart,http://w3id.org/protys/fixture#Load00012,http://w3id.org/protys/fixture#Load00012_Process,Start,120000,COMMON_ARBITRARY_ORIGIN_SECONDS,SIMULATED_PRODUCTION_CASE
http://w3id.org/protys/fixture#Load00012_EventEnd,http://w3id.org/protys/fixture#Load00012,http://w3id.org/protys/fixture#Load00012_Process,End,126600,COMMON_ARBITRARY_ORIGIN_SECONDS,SIMULATED_PRODUCTION_CASE
http://w3id.org/protys/fixture#Load00013_EventStart,http://w3id.org/protys/fixture#Load00013,http://w3id.org/protys/fixture#Load00013_Process,Start,130000,COMMON_ARBITRARY_ORIGIN_SECONDS,SIMULATED_PRODUCTION_CASE
http://w3id.org/protys/fixture#Load00013_EventEnd,http://w3id.org/protys/fixture#Load00013,http://w3id.org/protys/fixture#Load00013_Process,End,136600,COMMON_ARBITRARY_ORIGIN_SECONDS,SIMULATED_PRODUCTION_CASE
http://w3id.org/protys/fixture#Load00014_EventStart,http://w3id.org/protys/fixture#Load00014,http://w3id.org/protys/fixture#Load00014_Process,Start,140000,COMMON_ARBITRARY_ORIGIN_SECONDS,SIMULATED_PRODUCTION_CASE
http://w3id.org/protys/fixture#Load00014_EventEnd,http://w3id.org/protys/fixture#Load00014,http://w3id.org/protys/fixture#Load00014_Process,End,146600,COMMON_ARBITRARY_ORIGIN_SECONDS,SIMULATED_PRODUCTION_CASE
http://w3id.org/protys/fixture#Load00015_EventStart,http://w3id.org/protys/fixture#Load00015,http://w3id.org/protys/fixture#Load00015_Process,Start,150000,COMMON_ARBITRARY_ORIGIN_SECONDS,SIMULATED_PRODUCTION_CASE
http://w3id.org/protys/fixture#Load00015_EventEnd,http://w3id.org/protys/fixture#Load00015,http://w3id.org/protys/fixture#Load00015_Process,End,156600,COMMON_ARBITRARY_ORIGIN_SECONDS,SIMULATED_PRODUCTION_CASE
http://w3id.org/protys/fixture#Load00016_EventStart,http://w3id.org/protys/fixture#Load00016,http://w3id.org/protys/fixture#Load00016_Process,Start,160000,COMMON_ARBITRARY_ORIGIN_SECONDS,SIMULATED_PRODUCTION_CASE
http://w3id.org/protys/fixture#Load00016_EventEnd,http://w3id.org/protys/fixture#Load00016,http://w3id.org/protys/fixture#Load00016_Process,End,166600,COMMON_ARBITRARY_ORIGIN_SECONDS,SIMULATED_PRODUCTION_CASE
http://w3id.org/protys/fixture#Load00017_EventStart,http://w3id.org/protys/fixture#Load00017,http://w3id.org/protys/fixture#Load00017_Process,Start,170000,COMMON_ARBITRARY_ORIGIN_SECONDS,SIMULATED_PRODUCTION_CASE
http://w3id.org/protys/fixture#Load00017_EventEnd,http://w3id.org/protys/fixture#Load00017,http://w3id.org/protys/fixture#Load00017_Process,End,176600,COMMON_ARBITRARY_ORIGIN_SECONDS,SIMULATED_PRODUCTION_CASE
http://w3id.org/protys/fixture#Load00018_EventStart,http://w3id.org/protys/fixture#Load00018,http://w3id.org/protys/fixture#Load00018_Process,Start,180000,COMMON_ARBITRARY_ORIGIN_SECONDS,SIMULATED_PRODUCTION_CASE
http://w3id.org/protys/fixture#Load00018_EventEnd,http://w3id.org/protys/fixture#Load00018,http://w3id.org/protys/fixture#Load00018_Process,End,186600,COMMON_ARBITRARY_ORIGIN_SECONDS,SIMULATED_PRODUCTION_CASE
http://w3id.org/protys/fixture#Load00019_EventStart,http://w3id.org/protys/fixture#Load00019,http://w3id.org/protys/fixture#Load00019_Process,Start,190000,COMMON_ARBITRARY_ORIGIN_SECONDS,SIMULATED_PRODUCTION_CASE
http://w3id.org/protys/fixture#Load00019_EventEnd,http://w3id.org/protys/fixture#Load00019,http://w3id.org/protys/fixture#Load00019_Process,End,196600,COMMON_ARBITRARY_ORIGIN_SECONDS,SIMULATED_PRODUCTION_CASE
http://w3id.org/protys/fixture#Load00020_EventStart,http://w3id.org/protys/fixture#Load00020,http://w3id.org/protys/fixture#Load00020_Process,Start,200000,COMMON_ARBITRARY_ORIGIN_SECONDS,SIMULATED_PRODUCTION_CASE
http://w3id.org/protys/fixture#Load00020_EventEnd,http://w3id.org/protys/fixture#Load00020,http://w3id.org/protys/fixture#Load00020_Process,End,206600,COMMON_ARBITRARY_ORIGIN_SECONDS,SIMULATED_PRODUCTION_CASE
http://w3id.org/protys/fixture#Load00021_EventStart,http://w3id.org/protys/fixture#Load00021,http://w3id.org/protys/fixture#Load00021_Process,Start,210000,COMMON_ARBITRARY_ORIGIN_SECONDS,SIMULATED_PRODUCTION_CASE
http://w3id.org/protys/fixture#Load00021_EventEnd,http://w3id.org/protys/fixture#Load00021,http://w3id.org/protys/fixture#Load00021_Process,End,216600,COMMON_ARBITRARY_ORIGIN_SECONDS,SIMULATED_PRODUCTION_CASE
http://w3id.org/protys/fixture#Load00022_EventStart,http://w3id.org/protys/fixture#Load00022,http://w3id.org/protys/fixture#Load00022_Process,Start,220000,COMMON_ARBITRARY_ORIGIN_SECONDS,SIMULATED_PRODUCTION_CASE
http://w3id.org/protys/fixture#Load00022_EventEnd,http://w3id.org/protys/fixture#Load00022,http://w3id.org/protys/fixture#Load00022_Process,End,226600,COMMON_ARBITRARY_ORIGIN_SECONDS,SIMULATED_PRODUCTION_CASE
http://w3id.org/protys/fixture#Load00023_EventStart,http://w3id.org/protys/fixture#Load00023,http://w3id.org/protys/fixture#Load00023_Process,Start,230000,COMMON_ARBITRARY_ORIGIN_SECONDS,SIMULATED_PRODUCTION_CASE
http://w3id.org/protys/fixture#Load00023_EventEnd,http://w3id.org/protys/fixture#Load00023,http://w3id.org/protys/fixture#Load00023_Process,End,236600,COMMON_ARBITRARY_ORIGIN_SECONDS,SIMULATED_PRODUCTION_CASE
http://w3id.org/protys/fixture#Load00024_EventStart,http://w3id.org/protys/fixture#Load00024,http://w3id.org/protys/fixture#Load00024_Process,Start,240000,COMMON_ARBITRARY_ORIGIN_SECONDS,SIMULATED_PRODUCTION_CASE
http://w3id.org/protys/fixture#Load00024_EventEnd,http://w3id.org/protys/fixture#Load00024,http://w3id.org/protys/fixture#Load00024_Process,End,246600,COMMON_ARBITRARY_ORIGIN_SECONDS,SIMULATED_PRODUCTION_CASE
http://w3id.org/protys/fixture#Load00025_EventStart,http://w3id.org/protys/fixture#Load00025,http://w3id.org/protys/fixture#Load00025_Process,Start,250000,COMMON_ARBITRARY_ORIGIN_SECONDS,SIMULATED_PRODUCTION_CASE
http://w3id.org/protys/fixture#Load00025_EventEnd,http://w3id.org/protys/fixture#Load00025,http://w3id.org/protys/fixture#Load00025_Process,End,256600,COMMON_ARBITRARY_ORIGIN_SECONDS,SIMULATED_PRODUCTION_CASE
http://w3id.org/protys/fixture#Load00026_EventStart,http://w3id.org/protys/fixture#Load00026,http://w3id.org/protys/fixture#Load00026_Process,Start,260000,COMMON_ARBITRARY_ORIGIN_SECONDS,SIMULATED_PRODUCTION_CASE
http://w3id.org/protys/fixture#Load00026_EventEnd,http://w3id.org/protys/fixture#Load00026,http://w3id.org/protys/fixture#Load00026_Process,End,266600,COMMON_ARBITRARY_ORIGIN_SECONDS,SIMULATED_PRODUCTION_CASE
http://w3id.org/protys/fixture#Load00027_EventStart,http://w3id.org/protys/fixture#Load00027,http://w3id.org/protys/fixture#Load00027_Process,Start,270000,COMMON_ARBITRARY_ORIGIN_SECONDS,SIMULATED_PRODUCTION_CASE
http://w3id.org/protys/fixture#Load00027_EventEnd,http://w3id.org/protys/fixture#Load00027,http://w3id.org/protys/fixture#Load00027_Process,End,276600,COMMON_ARBITRARY_ORIGIN_SECONDS,SIMULATED_PRODUCTION_CASE
http://w3id.org/protys/fixture#Load00028_EventStart,http://w3id.org/protys/fixture#Load00028,http://w3id.org/protys/fixture#Load00028_Process,Start,280000,COMMON_ARBITRARY_ORIGIN_SECONDS,SIMULATED_PRODUCTION_CASE
http://w3id.org/protys/fixture#Load00028_EventEnd,http://w3id.org/protys/fixture#Load00028,http://w3id.org/protys/fixture#Load00028_Process,End,286600,COMMON_ARBITRARY_ORIGIN_SECONDS,SIMULATED_PRODUCTION_CASE
http://w3id.org/protys/fixture#Load00029_EventStart,http://w3id.org/protys/fixture#Load00029,http://w3id.org/protys/fixture#Load00029_Process,Start,290000,COMMON_ARBITRARY_ORIGIN_SECONDS,SIMULATED_PRODUCTION_CASE
http://w3id.org/protys/fixture#Load00029_EventEnd,http://w3id.org/protys/fixture#Load00029,http://w3id.org/protys/fixture#Load00029_Process,End,296600,COMMON_ARBITRARY_ORIGIN_SECONDS,SIMULATED_PRODUCTION_CASE
http://w3id.org/protys/fixture#Load00030_EventStart,http://w3id.org/protys/fixture#Load00030,http://w3id.org/protys/fixture#Load00030_Process,Start,300000,COMMON_ARBITRARY_ORIGIN_SECONDS,SIMULATED_PRODUCTION_CASE
http://w3id.org/protys/fixture#Load00030_EventEnd,http://w3id.org/protys/fixture#Load00030,http://w3id.org/protys/fixture#Load00030_Process,End,306600,COMMON_ARBITRARY_ORIGIN_SECONDS,SIMULATED_PRODUCTION_CASE
http://w3id.org/protys/fixture#Load00031_EventStart,http://w3id.org/protys/fixture#Load00031,http://w3id.org/protys/fixture#Load00031_Process,Start,310000,COMMON_ARBITRARY_ORIGIN_SECONDS,SIMULATED_PRODUCTION_CASE
http://w3id.org/protys/fixture#Load00031_EventEnd,http://w3id.org/protys/fixture#Load00031,http://w3id.org/protys/fixture#Load00031_Process,End,316600,COMMON_ARBITRARY_ORIGIN_SECONDS,SIMULATED_PRODUCTION_CASE
http://w3id.org/protys/fixture#Load00032_EventStart,http://w3id.org/protys/fixture#Load00032,http://w3id.org/protys/fixture#Load00032_Process,Start,320000,COMMON_ARBITRARY_ORIGIN_SECONDS,SIMULATED_PRODUCTION_CASE
http://w3id.org/protys/fixture#Load00032_EventEnd,http://w3id.org/protys/fixture#Load00032,http://w3id.org/protys/fixture#Load00032_Process,End,326600,COMMON_ARBITRARY_ORIGIN_SECONDS,SIMULATED_PRODUCTION_CASE
http://w3id.org/protys/fixture#Load00033_EventStart,http://w3id.org/protys/fixture#Load00033,http://w3id.org/protys/fixture#Load00033_Process,Start,330000,COMMON_ARBITRARY_ORIGIN_SECONDS,SIMULATED_PRODUCTION_CASE
http://w3id.org/protys/fixture#Load00033_EventEnd,http://w3id.org/protys/fixture#Load00033,http://w3id.org/protys/fixture#Load00033_Process,End,336600,COMMON_ARBITRARY_ORIGIN_SECONDS,SIMULATED_PRODUCTION_CASE
http://w3id.org/protys/fixture#Load00034_EventStart,http://w3id.org/protys/fixture#Load00034,http://w3id.org/protys/fixture#Load00034_Process,Start,340000,COMMON_ARBITRARY_ORIGIN_SECONDS,SIMULATED_PRODUCTION_CASE
http://w3id.org/protys/fixture#Load00034_EventEnd,http://w3id.org/protys/fixture#Load00034,http://w3id.org/protys/fixture#Load00034_Process,End,346600,COMMON_ARBITRARY_ORIGIN_SECONDS,SIMULATED_PRODUCTION_CASE
http://w3id.org/protys/fixture#Load00035_EventStart,http://w3id.org/protys/fixture#Load00035,http://w3id.org/protys/fixture#Load00035_Process,Start,350000,COMMON_ARBITRARY_ORIGIN_SECONDS,SIMULATED_PRODUCTION_CASE
http://w3id.org/protys/fixture#Load00035_EventEnd,http://w3id.org/protys/fixture#Load00035,http://w3id.org/protys/fixture#Load00035_Process,End,356600,COMMON_ARBITRARY_ORIGIN_SECONDS,SIMULATED_PRODUCTION_CASE
http://w3id.org/protys/fixture#Load00036_EventStart,http://w3id.org/protys/fixture#Load00036,http://w3id.org/protys/fixture#Load00036_Process,Start,360000,COMMON_ARBITRARY_ORIGIN_SECONDS,SIMULATED_PRODUCTION_CASE
http://w3id.org/protys/fixture#Load00036_EventEnd,http://w3id.org/protys/fixture#Load00036,http://w3id.org/protys/fixture#Load00036_Process,End,366600,COMMON_ARBITRARY_ORIGIN_SECONDS,SIMULATED_PRODUCTION_CASE
http://w3id.org/protys/fixture#Load00037_EventStart,http://w3id.org/protys/fixture#Load00037,http://w3id.org/protys/fixture#Load00037_Process,Start,370000,COMMON_ARBITRARY_ORIGIN_SECONDS,SIMULATED_PRODUCTION_CASE
http://w3id.org/protys/fixture#Load00037_EventEnd,http://w3id.org/protys/fixture#Load00037,http://w3id.org/protys/fixture#Load00037_Process,End,376600,COMMON_ARBITRARY_ORIGIN_SECONDS,SIMULATED_PRODUCTION_CASE
http://w3id.org/protys/fixture#Load00038_EventStart,http://w3id.org/protys/fixture#Load00038,http://w3id.org/protys/fixture#Load00038_Process,Start,380000,COMMON_ARBITRARY_ORIGIN_SECONDS,SIMULATED_PRODUCTION_CASE
http://w3id.org/protys/fixture#Load00038_EventEnd,http://w3id.org/protys/fixture#Load00038,http://w3id.org/protys/fixture#Load00038_Process,End,386600,COMMON_ARBITRARY_ORIGIN_SECONDS,SIMULATED_PRODUCTION_CASE
http://w3id.org/protys/fixture#Load00039_EventStart,http://w3id.org/protys/fixture#Load00039,http://w3id.org/protys/fixture#Load00039_Process,Start,390000,COMMON_ARBITRARY_ORIGIN_SECONDS,SIMULATED_PRODUCTION_CASE
http://w3id.org/protys/fixture#Load00039_EventEnd,http://w3id.org/protys/fixture#Load00039,http://w3id.org/protys/fixture#Load00039_Process,End,396600,COMMON_ARBITRARY_ORIGIN_SECONDS,SIMULATED_PRODUCTION_CASE
http://w3id.org/protys/fixture#Load00040_EventStart,http://w3id.org/protys/fixture#Load00040,http://w3id.org/protys/fixture#Load00040_Process,Start,400000,COMMON_ARBITRARY_ORIGIN_SECONDS,SIMULATED_PRODUCTION_CASE
http://w3id.org/protys/fixture#Load00040_EventEnd,http://w3id.org/protys/fixture#Load00040,http://w3id.org/protys/fixture#Load00040_Process,End,406600,COMMON_ARBITRARY_ORIGIN_SECONDS,SIMULATED_PRODUCTION_CASE
http://w3id.org/protys/fixture#Load00041_EventStart,http://w3id.org/protys/fixture#Load00041,http://w3id.org/protys/fixture#Load00041_Process,Start,410000,COMMON_ARBITRARY_ORIGIN_SECONDS,SIMULATED_PRODUCTION_CASE
http://w3id.org/protys/fixture#Load00041_EventEnd,http://w3id.org/protys/fixture#Load00041,http://w3id.org/protys/fixture#Load00041_Process,End,416600,COMMON_ARBITRARY_ORIGIN_SECONDS,SIMULATED_PRODUCTION_CASE
http://w3id.org/protys/fixture#Load00042_EventStart,http://w3id.org/protys/fixture#Load00042,http://w3id.org/protys/fixture#Load00042_Process,Start,420000,COMMON_ARBITRARY_ORIGIN_SECONDS,SIMULATED_PRODUCTION_CASE
http://w3id.org/protys/fixture#Load00042_EventEnd,http://w3id.org/protys/fixture#Load00042,http://w3id.org/protys/fixture#Load00042_Process,End,426600,COMMON_ARBITRARY_ORIGIN_SECONDS,SIMULATED_PRODUCTION_CASE
http://w3id.org/protys/fixture#Load00043_EventStart,http://w3id.org/protys/fixture#Load00043,http://w3id.org/protys/fixture#Load00043_Process,Start,430000,COMMON_ARBITRARY_ORIGIN_SECONDS,SIMULATED_PRODUCTION_CASE
http://w3id.org/protys/fixture#Load00043_EventEnd,http://w3id.org/protys/fixture#Load00043,http://w3id.org/protys/fixture#Load00043_Process,End,436600,COMMON_ARBITRARY_ORIGIN_SECONDS,SIMULATED_PRODUCTION_CASE
http://w3id.org/protys/fixture#Load00044_EventStart,http://w3id.org/protys/fixture#Load00044,http://w3id.org/protys/fixture#Load00044_Process,Start,440000,COMMON_ARBITRARY_ORIGIN_SECONDS,SIMULATED_PRODUCTION_CASE
http://w3id.org/protys/fixture#Load00044_EventEnd,http://w3id.org/protys/fixture#Load00044,http://w3id.org/protys/fixture#Load00044_Process,End,446600,COMMON_ARBITRARY_ORIGIN_SECONDS,SIMULATED_PRODUCTION_CASE
http://w3id.org/protys/fixture#Load00045_EventStart,http://w3id.org/protys/fixture#Load00045,http://w3id.org/protys/fixture#Load00045_Process,Start,450000,COMMON_ARBITRARY_ORIGIN_SECONDS,SIMULATED_PRODUCTION_CASE
http://w3id.org/protys/fixture#Load00045_EventEnd,http://w3id.org/protys/fixture#Load00045,http://w3id.org/protys/fixture#Load00045_Process,End,456600,COMMON_ARBITRARY_ORIGIN_SECONDS,SIMULATED_PRODUCTION_CASE
http://w3id.org/protys/fixture#Load00046_EventStart,http://w3id.org/protys/fixture#Load00046,http://w3id.org/protys/fixture#Load00046_Process,Start,460000,COMMON_ARBITRARY_ORIGIN_SECONDS,SIMULATED_PRODUCTION_CASE
http://w3id.org/protys/fixture#Load00046_EventEnd,http://w3id.org/protys/fixture#Load00046,http://w3id.org/protys/fixture#Load00046_Process,End,466600,COMMON_ARBITRARY_ORIGIN_SECONDS,SIMULATED_PRODUCTION_CASE
http://w3id.org/protys/fixture#Load00047_EventStart,http://w3id.org/protys/fixture#Load00047,http://w3id.org/protys/fixture#Load00047_Process,Start,470000,COMMON_ARBITRARY_ORIGIN_SECONDS,SIMULATED_PRODUCTION_CASE
http://w3id.org/protys/fixture#Load00047_EventEnd,http://w3id.org/protys/fixture#Load00047,http://w3id.org/protys/fixture#Load00047_Process,End,476600,COMMON_ARBITRARY_ORIGIN_SECONDS,SIMULATED_PRODUCTION_CASE
http://w3id.org/protys/fixture#Load00048_EventStart,http://w3id.org/protys/fixture#Load00048,http://w3id.org/protys/fixture#Load00048_Process,Start,480000,COMMON_ARBITRARY_ORIGIN_SECONDS,SIMULATED_PRODUCTION_CASE
http://w3id.org/protys/fixture#Load00048_EventEnd,http://w3id.org/protys/fixture#Load00048,http://w3id.org/protys/fixture#Load00048_Process,End,486600,COMMON_ARBITRARY_ORIGIN_SECONDS,SIMULATED_PRODUCTION_CASE
http://w3id.org/protys/fixture#Load00049_EventStart,http://w3id.org/protys/fixture#Load00049,http://w3id.org/protys/fixture#Load00049_Process,Start,490000,COMMON_ARBITRARY_ORIGIN_SECONDS,SIMULATED_PRODUCTION_CASE
http://w3id.org/protys/fixture#Load00049_EventEnd,http://w3id.org/protys/fixture#Load00049,http://w3id.org/protys/fixture#Load00049_Process,End,496600,COMMON_ARBITRARY_ORIGIN_SECONDS,SIMULATED_PRODUCTION_CASE
http://w3id.org/protys/fixture#Load00050_EventStart,http://w3id.org/protys/fixture#Load00050,http://w3id.org/protys/fixture#Load00050_Process,Start,500000,COMMON_ARBITRARY_ORIGIN_SECONDS,SIMULATED_PRODUCTION_CASE
http://w3id.org/protys/fixture#Load00050_EventEnd,http://w3id.org/protys/fixture#Load00050,http://w3id.org/protys/fixture#Load00050_Process,End,506600,COMMON_ARBITRARY_ORIGIN_SECONDS,SIMULATED_PRODUCTION_CASE
http://w3id.org/protys/fixture#Load00051_EventStart,http://w3id.org/protys/fixture#Load00051,http://w3id.org/protys/fixture#Load00051_Process,Start,510000,COMMON_ARBITRARY_ORIGIN_SECONDS,SIMULATED_PRODUCTION_CASE
http://w3id.org/protys/fixture#Load00051_EventEnd,http://w3id.org/protys/fixture#Load00051,http://w3id.org/protys/fixture#Load00051_Process,End,516600,COMMON_ARBITRARY_ORIGIN_SECONDS,SIMULATED_PRODUCTION_CASE
http://w3id.org/protys/fixture#Load00052_EventStart,http://w3id.org/protys/fixture#Load00052,http://w3id.org/protys/fixture#Load00052_Process,Start,520000,COMMON_ARBITRARY_ORIGIN_SECONDS,SIMULATED_PRODUCTION_CASE
http://w3id.org/protys/fixture#Load00052_EventEnd,http://w3id.org/protys/fixture#Load00052,http://w3id.org/protys/fixture#Load00052_Process,End,526600,COMMON_ARBITRARY_ORIGIN_SECONDS,SIMULATED_PRODUCTION_CASE
http://w3id.org/protys/fixture#Load00053_EventStart,http://w3id.org/protys/fixture#Load00053,http://w3id.org/protys/fixture#Load00053_Process,Start,530000,COMMON_ARBITRARY_ORIGIN_SECONDS,SIMULATED_PRODUCTION_CASE
http://w3id.org/protys/fixture#Load00053_EventEnd,http://w3id.org/protys/fixture#Load00053,http://w3id.org/protys/fixture#Load00053_Process,End,536600,COMMON_ARBITRARY_ORIGIN_SECONDS,SIMULATED_PRODUCTION_CASE
http://w3id.org/protys/fixture#Load00054_EventStart,http://w3id.org/protys/fixture#Load00054,http://w3id.org/protys/fixture#Load00054_Process,Start,540000,COMMON_ARBITRARY_ORIGIN_SECONDS,SIMULATED_PRODUCTION_CASE
http://w3id.org/protys/fixture#Load00054_EventEnd,http://w3id.org/protys/fixture#Load00054,http://w3id.org/protys/fixture#Load00054_Process,End,546600,COMMON_ARBITRARY_ORIGIN_SECONDS,SIMULATED_PRODUCTION_CASE
http://w3id.org/protys/fixture#Load00055_EventStart,http://w3id.org/protys/fixture#Load00055,http://w3id.org/protys/fixture#Load00055_Process,Start,550000,COMMON_ARBITRARY_ORIGIN_SECONDS,SIMULATED_PRODUCTION_CASE
http://w3id.org/protys/fixture#Load00055_EventEnd,http://w3id.org/protys/fixture#Load00055,http://w3id.org/protys/fixture#Load00055_Process,End,556600,COMMON_ARBITRARY_ORIGIN_SECONDS,SIMULATED_PRODUCTION_CASE
http://w3id.org/protys/fixture#Load00056_EventStart,http://w3id.org/protys/fixture#Load00056,http://w3id.org/protys/fixture#Load00056_Process,Start,560000,COMMON_ARBITRARY_ORIGIN_SECONDS,SIMULATED_PRODUCTION_CASE
http://w3id.org/protys/fixture#Load00056_EventEnd,http://w3id.org/protys/fixture#Load00056,http://w3id.org/protys/fixture#Load00056_Process,End,566600,COMMON_ARBITRARY_ORIGIN_SECONDS,SIMULATED_PRODUCTION_CASE
http://w3id.org/protys/fixture#Load00057_EventStart,http://w3id.org/protys/fixture#Load00057,http://w3id.org/protys/fixture#Load00057_Process,Start,570000,COMMON_ARBITRARY_ORIGIN_SECONDS,SIMULATED_PRODUCTION_CASE
http://w3id.org/protys/fixture#Load00057_EventEnd,http://w3id.org/protys/fixture#Load00057,http://w3id.org/protys/fixture#Load00057_Process,End,576600,COMMON_ARBITRARY_ORIGIN_SECONDS,SIMULATED_PRODUCTION_CASE
http://w3id.org/protys/fixture#Load00058_EventStart,http://w3id.org/protys/fixture#Load00058,http://w3id.org/protys/fixture#Load00058_Process,Start,580000,COMMON_ARBITRARY_ORIGIN_SECONDS,SIMULATED_PRODUCTION_CASE
http://w3id.org/protys/fixture#Load00058_EventEnd,http://w3id.org/protys/fixture#Load00058,http://w3id.org/protys/fixture#Load00058_Process,End,586600,COMMON_ARBITRARY_ORIGIN_SECONDS,SIMULATED_PRODUCTION_CASE
http://w3id.org/protys/fixture#Load00059_EventStart,http://w3id.org/protys/fixture#Load00059,http://w3id.org/protys/fixture#Load00059_Process,Start,590000,COMMON_ARBITRARY_ORIGIN_SECONDS,SIMULATED_PRODUCTION_CASE
http://w3id.org/protys/fixture#Load00059_EventEnd,http://w3id.org/protys/fixture#Load00059,http://w3id.org/protys/fixture#Load00059_Process,End,596600,COMMON_ARBITRARY_ORIGIN_SECONDS,SIMULATED_PRODUCTION_CASE
http://w3id.org/protys/fixture#Load00060_EventStart,http://w3id.org/protys/fixture#Load00060,http://w3id.org/protys/fixture#Load00060_Process,Start,600000,COMMON_ARBITRARY_ORIGIN_SECONDS,SIMULATED_PRODUCTION_CASE
http://w3id.org/protys/fixture#Load00060_EventEnd,http://w3id.org/protys/fixture#Load00060,http://w3id.org/protys/fixture#Load00060_Process,End,606600,COMMON_ARBITRARY_ORIGIN_SECONDS,SIMULATED_PRODUCTION_CASE
http://w3id.org/protys/fixture#Load00061_EventStart,http://w3id.org/protys/fixture#Load00061,http://w3id.org/protys/fixture#Load00061_Process,Start,610000,COMMON_ARBITRARY_ORIGIN_SECONDS,SIMULATED_PRODUCTION_CASE
http://w3id.org/protys/fixture#Load00061_EventEnd,http://w3id.org/protys/fixture#Load00061,http://w3id.org/protys/fixture#Load00061_Process,End,616600,COMMON_ARBITRARY_ORIGIN_SECONDS,SIMULATED_PRODUCTION_CASE
http://w3id.org/protys/fixture#Load00062_EventStart,http://w3id.org/protys/fixture#Load00062,http://w3id.org/protys/fixture#Load00062_Process,Start,620000,COMMON_ARBITRARY_ORIGIN_SECONDS,SIMULATED_PRODUCTION_CASE
http://w3id.org/protys/fixture#Load00062_EventEnd,http://w3id.org/protys/fixture#Load00062,http://w3id.org/protys/fixture#Load00062_Process,End,626600,COMMON_ARBITRARY_ORIGIN_SECONDS,SIMULATED_PRODUCTION_CASE
http://w3id.org/protys/fixture#Load00063_EventStart,http://w3id.org/protys/fixture#Load00063,http://w3id.org/protys/fixture#Load00063_Process,Start,630000,COMMON_ARBITRARY_ORIGIN_SECONDS,SIMULATED_PRODUCTION_CASE
http://w3id.org/protys/fixture#Load00063_EventEnd,http://w3id.org/protys/fixture#Load00063,http://w3id.org/protys/fixture#Load00063_Process,End,636600,COMMON_ARBITRARY_ORIGIN_SECONDS,SIMULATED_PRODUCTION_CASE
http://w3id.org/protys/fixture#Load00064_EventStart,http://w3id.org/protys/fixture#Load00064,http://w3id.org/protys/fixture#Load00064_Process,Start,640000,COMMON_ARBITRARY_ORIGIN_SECONDS,SIMULATED_PRODUCTION_CASE
http://w3id.org/protys/fixture#Load00064_EventEnd,http://w3id.org/protys/fixture#Load00064,http://w3id.org/protys/fixture#Load00064_Process,End,646600,COMMON_ARBITRARY_ORIGIN_SECONDS,SIMULATED_PRODUCTION_CASE
http://w3id.org/protys/fixture#Load00065_EventStart,http://w3id.org/protys/fixture#Load00065,http://w3id.org/protys/fixture#Load00065_Process,Start,650000,COMMON_ARBITRARY_ORIGIN_SECONDS,SIMULATED_PRODUCTION_CASE
http://w3id.org/protys/fixture#Load00065_EventEnd,http://w3id.org/protys/fixture#Load00065,http://w3id.org/protys/fixture#Load00065_Process,End,656600,COMMON_ARBITRARY_ORIGIN_SECONDS,SIMULATED_PRODUCTION_CASE
http://w3id.org/protys/fixture#Load00066_EventStart,http://w3id.org/protys/fixture#Load00066,http://w3id.org/protys/fixture#Load00066_Process,Start,660000,COMMON_ARBITRARY_ORIGIN_SECONDS,SIMULATED_PRODUCTION_CASE
http://w3id.org/protys/fixture#Load00066_EventEnd,http://w3id.org/protys/fixture#Load00066,http://w3id.org/protys/fixture#Load00066_Process,End,666600,COMMON_ARBITRARY_ORIGIN_SECONDS,SIMULATED_PRODUCTION_CASE
http://w3id.org/protys/fixture#Load00067_EventStart,http://w3id.org/protys/fixture#Load00067,http://w3id.org/protys/fixture#Load00067_Process,Start,670000,COMMON_ARBITRARY_ORIGIN_SECONDS,SIMULATED_PRODUCTION_CASE
http://w3id.org/protys/fixture#Load00067_EventEnd,http://w3id.org/protys/fixture#Load00067,http://w3id.org/protys/fixture#Load00067_Process,End,676600,COMMON_ARBITRARY_ORIGIN_SECONDS,SIMULATED_PRODUCTION_CASE
http://w3id.org/protys/fixture#Load00068_EventStart,http://w3id.org/protys/fixture#Load00068,http://w3id.org/protys/fixture#Load00068_Process,Start,680000,COMMON_ARBITRARY_ORIGIN_SECONDS,SIMULATED_PRODUCTION_CASE
http://w3id.org/protys/fixture#Load00068_EventEnd,http://w3id.org/protys/fixture#Load00068,http://w3id.org/protys/fixture#Load00068_Process,End,686600,COMMON_ARBITRARY_ORIGIN_SECONDS,SIMULATED_PRODUCTION_CASE
http://w3id.org/protys/fixture#Load00069_EventStart,http://w3id.org/protys/fixture#Load00069,http://w3id.org/protys/fixture#Load00069_Process,Start,690000,COMMON_ARBITRARY_ORIGIN_SECONDS,SIMULATED_PRODUCTION_CASE
http://w3id.org/protys/fixture#Load00069_EventEnd,http://w3id.org/protys/fixture#Load00069,http://w3id.org/protys/fixture#Load00069_Process,End,696600,COMMON_ARBITRARY_ORIGIN_SECONDS,SIMULATED_PRODUCTION_CASE
http://w3id.org/protys/fixture#Load00070_EventStart,http://w3id.org/protys/fixture#Load00070,http://w3id.org/protys/fixture#Load00070_Process,Start,700000,COMMON_ARBITRARY_ORIGIN_SECONDS,SIMULATED_PRODUCTION_CASE
http://w3id.org/protys/fixture#Load00070_EventEnd,http://w3id.org/protys/fixture#Load00070,http://w3id.org/protys/fixture#Load00070_Process,End,706600,COMMON_ARBITRARY_ORIGIN_SECONDS,SIMULATED_PRODUCTION_CASE
http://w3id.org/protys/fixture#Load00071_EventStart,http://w3id.org/protys/fixture#Load00071,http://w3id.org/protys/fixture#Load00071_Process,Start,710000,COMMON_ARBITRARY_ORIGIN_SECONDS,SIMULATED_PRODUCTION_CASE
http://w3id.org/protys/fixture#Load00071_EventEnd,http://w3id.org/protys/fixture#Load00071,http://w3id.org/protys/fixture#Load00071_Process,End,716600,COMMON_ARBITRARY_ORIGIN_SECONDS,SIMULATED_PRODUCTION_CASE
http://w3id.org/protys/fixture#Load00072_EventStart,http://w3id.org/protys/fixture#Load00072,http://w3id.org/protys/fixture#Load00072_Process,Start,720000,COMMON_ARBITRARY_ORIGIN_SECONDS,SIMULATED_PRODUCTION_CASE
http://w3id.org/protys/fixture#Load00072_EventEnd,http://w3id.org/protys/fixture#Load00072,http://w3id.org/protys/fixture#Load00072_Process,End,726600,COMMON_ARBITRARY_ORIGIN_SECONDS,SIMULATED_PRODUCTION_CASE
http://w3id.org/protys/fixture#Load00073_EventStart,http://w3id.org/protys/fixture#Load00073,http://w3id.org/protys/fixture#Load00073_Process,Start,730000,COMMON_ARBITRARY_ORIGIN_SECONDS,SIMULATED_PRODUCTION_CASE
http://w3id.org/protys/fixture#Load00073_EventEnd,http://w3id.org/protys/fixture#Load00073,http://w3id.org/protys/fixture#Load00073_Process,End,736600,COMMON_ARBITRARY_ORIGIN_SECONDS,SIMULATED_PRODUCTION_CASE
http://w3id.org/protys/fixture#Load00074_EventStart,http://w3id.org/protys/fixture#Load00074,http://w3id.org/protys/fixture#Load00074_Process,Start,740000,COMMON_ARBITRARY_ORIGIN_SECONDS,SIMULATED_PRODUCTION_CASE
http://w3id.org/protys/fixture#Load00074_EventEnd,http://w3id.org/protys/fixture#Load00074,http://w3id.org/protys/fixture#Load00074_Process,End,746600,COMMON_ARBITRARY_ORIGIN_SECONDS,SIMULATED_PRODUCTION_CASE
http://w3id.org/protys/fixture#Load00075_EventStart,http://w3id.org/protys/fixture#Load00075,http://w3id.org/protys/fixture#Load00075_Process,Start,750000,COMMON_ARBITRARY_ORIGIN_SECONDS,SIMULATED_PRODUCTION_CASE
http://w3id.org/protys/fixture#Load00075_EventEnd,http://w3id.org/protys/fixture#Load00075,http://w3id.org/protys/fixture#Load00075_Process,End,756600,COMMON_ARBITRARY_ORIGIN_SECONDS,SIMULATED_PRODUCTION_CASE
http://w3id.org/protys/fixture#Load00076_EventStart,http://w3id.org/protys/fixture#Load00076,http://w3id.org/protys/fixture#Load00076_Process,Start,760000,COMMON_ARBITRARY_ORIGIN_SECONDS,SIMULATED_PRODUCTION_CASE
http://w3id.org/protys/fixture#Load00076_EventEnd,http://w3id.org/protys/fixture#Load00076,http://w3id.org/protys/fixture#Load00076_Process,End,766600,COMMON_ARBITRARY_ORIGIN_SECONDS,SIMULATED_PRODUCTION_CASE
http://w3id.org/protys/fixture#Load00077_EventStart,http://w3id.org/protys/fixture#Load00077,http://w3id.org/protys/fixture#Load00077_Process,Start,770000,COMMON_ARBITRARY_ORIGIN_SECONDS,SIMULATED_PRODUCTION_CASE
http://w3id.org/protys/fixture#Load00077_EventEnd,http://w3id.org/protys/fixture#Load00077,http://w3id.org/protys/fixture#Load00077_Process,End,776600,COMMON_ARBITRARY_ORIGIN_SECONDS,SIMULATED_PRODUCTION_CASE
http://w3id.org/protys/fixture#Load00078_EventStart,http://w3id.org/protys/fixture#Load00078,http://w3id.org/protys/fixture#Load00078_Process,Start,780000,COMMON_ARBITRARY_ORIGIN_SECONDS,SIMULATED_PRODUCTION_CASE
http://w3id.org/protys/fixture#Load00078_EventEnd,http://w3id.org/protys/fixture#Load00078,http://w3id.org/protys/fixture#Load00078_Process,End,786600,COMMON_ARBITRARY_ORIGIN_SECONDS,SIMULATED_PRODUCTION_CASE
http://w3id.org/protys/fixture#Load00079_EventStart,http://w3id.org/protys/fixture#Load00079,http://w3id.org/protys/fixture#Load00079_Process,Start,790000,COMMON_ARBITRARY_ORIGIN_SECONDS,SIMULATED_PRODUCTION_CASE
http://w3id.org/protys/fixture#Load00079_EventEnd,http://w3id.org/protys/fixture#Load00079,http://w3id.org/protys/fixture#Load00079_Process,End,796600,COMMON_ARBITRARY_ORIGIN_SECONDS,SIMULATED_PRODUCTION_CASE
http://w3id.org/protys/fixture#Load00080_EventStart,http://w3id.org/protys/fixture#Load00080,http://w3id.org/protys/fixture#Load00080_Process,Start,800000,COMMON_ARBITRARY_ORIGIN_SECONDS,SIMULATED_PRODUCTION_CASE
http://w3id.org/protys/fixture#Load00080_EventEnd,http://w3id.org/protys/fixture#Load00080,http://w3id.org/protys/fixture#Load00080_Process,End,806600,COMMON_ARBITRARY_ORIGIN_SECONDS,SIMULATED_PRODUCTION_CASE
http://w3id.org/protys/fixture#Load00081_EventStart,http://w3id.org/protys/fixture#Load00081,http://w3id.org/protys/fixture#Load00081_Process,Start,810000,COMMON_ARBITRARY_ORIGIN_SECONDS,SIMULATED_PRODUCTION_CASE
http://w3id.org/protys/fixture#Load00081_EventEnd,http://w3id.org/protys/fixture#Load00081,http://w3id.org/protys/fixture#Load00081_Process,End,816600,COMMON_ARBITRARY_ORIGIN_SECONDS,SIMULATED_PRODUCTION_CASE
http://w3id.org/protys/fixture#Load00082_EventStart,http://w3id.org/protys/fixture#Load00082,http://w3id.org/protys/fixture#Load00082_Process,Start,820000,COMMON_ARBITRARY_ORIGIN_SECONDS,SIMULATED_PRODUCTION_CASE
http://w3id.org/protys/fixture#Load00082_EventEnd,http://w3id.org/protys/fixture#Load00082,http://w3id.org/protys/fixture#Load00082_Process,End,826600,COMMON_ARBITRARY_ORIGIN_SECONDS,SIMULATED_PRODUCTION_CASE
http://w3id.org/protys/fixture#Load00083_EventStart,http://w3id.org/protys/fixture#Load00083,http://w3id.org/protys/fixture#Load00083_Process,Start,830000,COMMON_ARBITRARY_ORIGIN_SECONDS,SIMULATED_PRODUCTION_CASE
http://w3id.org/protys/fixture#Load00083_EventEnd,http://w3id.org/protys/fixture#Load00083,http://w3id.org/protys/fixture#Load00083_Process,End,836600,COMMON_ARBITRARY_ORIGIN_SECONDS,SIMULATED_PRODUCTION_CASE
http://w3id.org/protys/fixture#Load00084_EventStart,http://w3id.org/protys/fixture#Load00084,http://w3id.org/protys/fixture#Load00084_Process,Start,840000,COMMON_ARBITRARY_ORIGIN_SECONDS,SIMULATED_PRODUCTION_CASE
http://w3id.org/protys/fixture#Load00084_EventEnd,http://w3id.org/protys/fixture#Load00084,http://w3id.org/protys/fixture#Load00084_Process,End,846600,COMMON_ARBITRARY_ORIGIN_SECONDS,SIMULATED_PRODUCTION_CASE
http://w3id.org/protys/fixture#Load00085_EventStart,http://w3id.org/protys/fixture#Load00085,http://w3id.org/protys/fixture#Load00085_Process,Start,850000,COMMON_ARBITRARY_ORIGIN_SECONDS,SIMULATED_PRODUCTION_CASE
http://w3id.org/protys/fixture#Load00085_EventEnd,http://w3id.org/protys/fixture#Load00085,http://w3id.org/protys/fixture#Load00085_Process,End,856600,COMMON_ARBITRARY_ORIGIN_SECONDS,SIMULATED_PRODUCTION_CASE
http://w3id.org/protys/fixture#Load00086_EventStart,http://w3id.org/protys/fixture#Load00086,http://w3id.org/protys/fixture#Load00086_Process,Start,860000,COMMON_ARBITRARY_ORIGIN_SECONDS,SIMULATED_PRODUCTION_CASE
http://w3id.org/protys/fixture#Load00086_EventEnd,http://w3id.org/protys/fixture#Load00086,http://w3id.org/protys/fixture#Load00086_Process,End,866600,COMMON_ARBITRARY_ORIGIN_SECONDS,SIMULATED_PRODUCTION_CASE
http://w3id.org/protys/fixture#Load00087_EventStart,http://w3id.org/protys/fixture#Load00087,http://w3id.org/protys/fixture#Load00087_Process,Start,870000,COMMON_ARBITRARY_ORIGIN_SECONDS,SIMULATED_PRODUCTION_CASE
http://w3id.org/protys/fixture#Load00087_EventEnd,http://w3id.org/protys/fixture#Load00087,http://w3id.org/protys/fixture#Load00087_Process,End,876600,COMMON_ARBITRARY_ORIGIN_SECONDS,SIMULATED_PRODUCTION_CASE
http://w3id.org/protys/fixture#Load00088_EventStart,http://w3id.org/protys/fixture#Load00088,http://w3id.org/protys/fixture#Load00088_Process,Start,880000,COMMON_ARBITRARY_ORIGIN_SECONDS,SIMULATED_PRODUCTION_CASE
http://w3id.org/protys/fixture#Load00088_EventEnd,http://w3id.org/protys/fixture#Load00088,http://w3id.org/protys/fixture#Load00088_Process,End,886600,COMMON_ARBITRARY_ORIGIN_SECONDS,SIMULATED_PRODUCTION_CASE
http://w3id.org/protys/fixture#Load00089_EventStart,http://w3id.org/protys/fixture#Load00089,http://w3id.org/protys/fixture#Load00089_Process,Start,890000,COMMON_ARBITRARY_ORIGIN_SECONDS,SIMULATED_PRODUCTION_CASE
http://w3id.org/protys/fixture#Load00089_EventEnd,http://w3id.org/protys/fixture#Load00089,http://w3id.org/protys/fixture#Load00089_Process,End,896600,COMMON_ARBITRARY_ORIGIN_SECONDS,SIMULATED_PRODUCTION_CASE
http://w3id.org/protys/fixture#Load00090_EventStart,http://w3id.org/protys/fixture#Load00090,http://w3id.org/protys/fixture#Load00090_Process,Start,900000,COMMON_ARBITRARY_ORIGIN_SECONDS,SIMULATED_PRODUCTION_CASE
http://w3id.org/protys/fixture#Load00090_EventEnd,http://w3id.org/protys/fixture#Load00090,http://w3id.org/protys/fixture#Load00090_Process,End,906600,COMMON_ARBITRARY_ORIGIN_SECONDS,SIMULATED_PRODUCTION_CASE
http://w3id.org/protys/fixture#Load00091_EventStart,http://w3id.org/protys/fixture#Load00091,http://w3id.org/protys/fixture#Load00091_Process,Start,910000,COMMON_ARBITRARY_ORIGIN_SECONDS,SIMULATED_PRODUCTION_CASE
http://w3id.org/protys/fixture#Load00091_EventEnd,http://w3id.org/protys/fixture#Load00091,http://w3id.org/protys/fixture#Load00091_Process,End,916600,COMMON_ARBITRARY_ORIGIN_SECONDS,SIMULATED_PRODUCTION_CASE
http://w3id.org/protys/fixture#Load00092_EventStart,http://w3id.org/protys/fixture#Load00092,http://w3id.org/protys/fixture#Load00092_Process,Start,920000,COMMON_ARBITRARY_ORIGIN_SECONDS,SIMULATED_PRODUCTION_CASE
http://w3id.org/protys/fixture#Load00092_EventEnd,http://w3id.org/protys/fixture#Load00092,http://w3id.org/protys/fixture#Load00092_Process,End,926600,COMMON_ARBITRARY_ORIGIN_SECONDS,SIMULATED_PRODUCTION_CASE
http://w3id.org/protys/fixture#Load00093_EventStart,http://w3id.org/protys/fixture#Load00093,http://w3id.org/protys/fixture#Load00093_Process,Start,930000,COMMON_ARBITRARY_ORIGIN_SECONDS,SIMULATED_PRODUCTION_CASE
http://w3id.org/protys/fixture#Load00093_EventEnd,http://w3id.org/protys/fixture#Load00093,http://w3id.org/protys/fixture#Load00093_Process,End,936600,COMMON_ARBITRARY_ORIGIN_SECONDS,SIMULATED_PRODUCTION_CASE
http://w3id.org/protys/fixture#Load00094_EventStart,http://w3id.org/protys/fixture#Load00094,http://w3id.org/protys/fixture#Load00094_Process,Start,940000,COMMON_ARBITRARY_ORIGIN_SECONDS,SIMULATED_PRODUCTION_CASE
http://w3id.org/protys/fixture#Load00094_EventEnd,http://w3id.org/protys/fixture#Load00094,http://w3id.org/protys/fixture#Load00094_Process,End,946600,COMMON_ARBITRARY_ORIGIN_SECONDS,SIMULATED_PRODUCTION_CASE
http://w3id.org/protys/fixture#Load00095_EventStart,http://w3id.org/protys/fixture#Load00095,http://w3id.org/protys/fixture#Load00095_Process,Start,950000,COMMON_ARBITRARY_ORIGIN_SECONDS,SIMULATED_PRODUCTION_CASE
http://w3id.org/protys/fixture#Load00095_EventEnd,http://w3id.org/protys/fixture#Load00095,http://w3id.org/protys/fixture#Load00095_Process,End,956600,COMMON_ARBITRARY_ORIGIN_SECONDS,SIMULATED_PRODUCTION_CASE
http://w3id.org/protys/fixture#Load00096_EventStart,http://w3id.org/protys/fixture#Load00096,http://w3id.org/protys/fixture#Load00096_Process,Start,960000,COMMON_ARBITRARY_ORIGIN_SECONDS,SIMULATED_PRODUCTION_CASE
http://w3id.org/protys/fixture#Load00096_EventEnd,http://w3id.org/protys/fixture#Load00096,http://w3id.org/protys/fixture#Load00096_Process,End,966600,COMMON_ARBITRARY_ORIGIN_SECONDS,SIMULATED_PRODUCTION_CASE
http://w3id.org/protys/fixture#Load00097_EventStart,http://w3id.org/protys/fixture#Load00097,http://w3id.org/protys/fixture#Load00097_Process,Start,970000,COMMON_ARBITRARY_ORIGIN_SECONDS,SIMULATED_PRODUCTION_CASE
http://w3id.org/protys/fixture#Load00097_EventEnd,http://w3id.org/protys/fixture#Load00097,http://w3id.org/protys/fixture#Load00097_Process,End,976600,COMMON_ARBITRARY_ORIGIN_SECONDS,SIMULATED_PRODUCTION_CASE
http://w3id.org/protys/fixture#Load00098_EventStart,http://w3id.org/protys/fixture#Load00098,http://w3id.org/protys/fixture#Load00098_Process,Start,980000,COMMON_ARBITRARY_ORIGIN_SECONDS,SIMULATED_PRODUCTION_CASE
http://w3id.org/protys/fixture#Load00098_EventEnd,http://w3id.org/protys/fixture#Load00098,http://w3id.org/protys/fixture#Load00098_Process,End,986600,COMMON_ARBITRARY_ORIGIN_SECONDS,SIMULATED_PRODUCTION_CASE
http://w3id.org/protys/fixture#Load00099_EventStart,http://w3id.org/protys/fixture#Load00099,http://w3id.org/protys/fixture#Load00099_Process,Start,990000,COMMON_ARBITRARY_ORIGIN_SECONDS,SIMULATED_PRODUCTION_CASE
http://w3id.org/protys/fixture#Load00099_EventEnd,http://w3id.org/protys/fixture#Load00099,http://w3id.org/protys/fixture#Load00099_Process,End,996600,COMMON_ARBITRARY_ORIGIN_SECONDS,SIMULATED_PRODUCTION_CASE
http://w3id.org/protys/fixture#Load00100_EventStart,http://w3id.org/protys/fixture#Load00100,http://w3id.org/protys/fixture#Load00100_Process,Start,1000000,COMMON_ARBITRARY_ORIGIN_SECONDS,SIMULATED_PRODUCTION_CASE
http://w3id.org/protys/fixture#Load00100_EventEnd,http://w3id.org/protys/fixture#Load00100,http://w3id.org/protys/fixture#Load00100_Process,End,1006600,COMMON_ARBITRARY_ORIGIN_SECONDS,SIMULATED_PRODUCTION_CASE
http://w3id.org/protys/fixture#Load00101_EventStart,http://w3id.org/protys/fixture#Load00101,http://w3id.org/protys/fixture#Load00101_Process,Start,1010000,COMMON_ARBITRARY_ORIGIN_SECONDS,SIMULATED_PRODUCTION_CASE
http://w3id.org/protys/fixture#Load00101_EventEnd,http://w3id.org/protys/fixture#Load00101,http://w3id.org/protys/fixture#Load00101_Process,End,1016600,COMMON_ARBITRARY_ORIGIN_SECONDS,SIMULATED_PRODUCTION_CASE
http://w3id.org/protys/fixture#Load00102_EventStart,http://w3id.org/protys/fixture#Load00102,http://w3id.org/protys/fixture#Load00102_Process,Start,1020000,COMMON_ARBITRARY_ORIGIN_SECONDS,SIMULATED_PRODUCTION_CASE
http://w3id.org/protys/fixture#Load00102_EventEnd,http://w3id.org/protys/fixture#Load00102,http://w3id.org/protys/fixture#Load00102_Process,End,1026600,COMMON_ARBITRARY_ORIGIN_SECONDS,SIMULATED_PRODUCTION_CASE
http://w3id.org/protys/fixture#Load00103_EventStart,http://w3id.org/protys/fixture#Load00103,http://w3id.org/protys/fixture#Load00103_Process,Start,1030000,COMMON_ARBITRARY_ORIGIN_SECONDS,SIMULATED_PRODUCTION_CASE
http://w3id.org/protys/fixture#Load00103_EventEnd,http://w3id.org/protys/fixture#Load00103,http://w3id.org/protys/fixture#Load00103_Process,End,1036600,COMMON_ARBITRARY_ORIGIN_SECONDS,SIMULATED_PRODUCTION_CASE
http://w3id.org/protys/fixture#Load00104_EventStart,http://w3id.org/protys/fixture#Load00104,http://w3id.org/protys/fixture#Load00104_Process,Start,1040000,COMMON_ARBITRARY_ORIGIN_SECONDS,SIMULATED_PRODUCTION_CASE
http://w3id.org/protys/fixture#Load00104_EventEnd,http://w3id.org/protys/fixture#Load00104,http://w3id.org/protys/fixture#Load00104_Process,End,1046600,COMMON_ARBITRARY_ORIGIN_SECONDS,SIMULATED_PRODUCTION_CASE
http://w3id.org/protys/fixture#Load00105_EventStart,http://w3id.org/protys/fixture#Load00105,http://w3id.org/protys/fixture#Load00105_Process,Start,1050000,COMMON_ARBITRARY_ORIGIN_SECONDS,SIMULATED_PRODUCTION_CASE
http://w3id.org/protys/fixture#Load00105_EventEnd,http://w3id.org/protys/fixture#Load00105,http://w3id.org/protys/fixture#Load00105_Process,End,1056600,COMMON_ARBITRARY_ORIGIN_SECONDS,SIMULATED_PRODUCTION_CASE
http://w3id.org/protys/fixture#Load00106_EventStart,http://w3id.org/protys/fixture#Load00106,http://w3id.org/protys/fixture#Load00106_Process,Start,1060000,COMMON_ARBITRARY_ORIGIN_SECONDS,SIMULATED_PRODUCTION_CASE
http://w3id.org/protys/fixture#Load00106_EventEnd,http://w3id.org/protys/fixture#Load00106,http://w3id.org/protys/fixture#Load00106_Process,End,1066600,COMMON_ARBITRARY_ORIGIN_SECONDS,SIMULATED_PRODUCTION_CASE
http://w3id.org/protys/fixture#Load00107_EventStart,http://w3id.org/protys/fixture#Load00107,http://w3id.org/protys/fixture#Load00107_Process,Start,1070000,COMMON_ARBITRARY_ORIGIN_SECONDS,SIMULATED_PRODUCTION_CASE
http://w3id.org/protys/fixture#Load00107_EventEnd,http://w3id.org/protys/fixture#Load00107,http://w3id.org/protys/fixture#Load00107_Process,End,1076600,COMMON_ARBITRARY_ORIGIN_SECONDS,SIMULATED_PRODUCTION_CASE
http://w3id.org/protys/fixture#Load00108_EventStart,http://w3id.org/protys/fixture#Load00108,http://w3id.org/protys/fixture#Load00108_Process,Start,1080000,COMMON_ARBITRARY_ORIGIN_SECONDS,SIMULATED_PRODUCTION_CASE
http://w3id.org/protys/fixture#Load00108_EventEnd,http://w3id.org/protys/fixture#Load00108,http://w3id.org/protys/fixture#Load00108_Process,End,1086600,COMMON_ARBITRARY_ORIGIN_SECONDS,SIMULATED_PRODUCTION_CASE
http://w3id.org/protys/fixture#Load00109_EventStart,http://w3id.org/protys/fixture#Load00109,http://w3id.org/protys/fixture#Load00109_Process,Start,1090000,COMMON_ARBITRARY_ORIGIN_SECONDS,SIMULATED_PRODUCTION_CASE
http://w3id.org/protys/fixture#Load00109_EventEnd,http://w3id.org/protys/fixture#Load00109,http://w3id.org/protys/fixture#Load00109_Process,End,1096600,COMMON_ARBITRARY_ORIGIN_SECONDS,SIMULATED_PRODUCTION_CASE
http://w3id.org/protys/fixture#Load00110_EventStart,http://w3id.org/protys/fixture#Load00110,http://w3id.org/protys/fixture#Load00110_Process,Start,1100000,COMMON_ARBITRARY_ORIGIN_SECONDS,SIMULATED_PRODUCTION_CASE
http://w3id.org/protys/fixture#Load00110_EventEnd,http://w3id.org/protys/fixture#Load00110,http://w3id.org/protys/fixture#Load00110_Process,End,1106600,COMMON_ARBITRARY_ORIGIN_SECONDS,SIMULATED_PRODUCTION_CASE
http://w3id.org/protys/fixture#Load00111_EventStart,http://w3id.org/protys/fixture#Load00111,http://w3id.org/protys/fixture#Load00111_Process,Start,1110000,COMMON_ARBITRARY_ORIGIN_SECONDS,SIMULATED_PRODUCTION_CASE
http://w3id.org/protys/fixture#Load00111_EventEnd,http://w3id.org/protys/fixture#Load00111,http://w3id.org/protys/fixture#Load00111_Process,End,1116600,COMMON_ARBITRARY_ORIGIN_SECONDS,SIMULATED_PRODUCTION_CASE
http://w3id.org/protys/fixture#Load00112_EventStart,http://w3id.org/protys/fixture#Load00112,http://w3id.org/protys/fixture#Load00112_Process,Start,1120000,COMMON_ARBITRARY_ORIGIN_SECONDS,SIMULATED_PRODUCTION_CASE
http://w3id.org/protys/fixture#Load00112_EventEnd,http://w3id.org/protys/fixture#Load00112,http://w3id.org/protys/fixture#Load00112_Process,End,1126600,COMMON_ARBITRARY_ORIGIN_SECONDS,SIMULATED_PRODUCTION_CASE
http://w3id.org/protys/fixture#Load00113_EventStart,http://w3id.org/protys/fixture#Load00113,http://w3id.org/protys/fixture#Load00113_Process,Start,1130000,COMMON_ARBITRARY_ORIGIN_SECONDS,SIMULATED_PRODUCTION_CASE
http://w3id.org/protys/fixture#Load00113_EventEnd,http://w3id.org/protys/fixture#Load00113,http://w3id.org/protys/fixture#Load00113_Process,End,1136600,COMMON_ARBITRARY_ORIGIN_SECONDS,SIMULATED_PRODUCTION_CASE
http://w3id.org/protys/fixture#Load00114_EventStart,http://w3id.org/protys/fixture#Load00114,http://w3id.org/protys/fixture#Load00114_Process,Start,1140000,COMMON_ARBITRARY_ORIGIN_SECONDS,SIMULATED_PRODUCTION_CASE
http://w3id.org/protys/fixture#Load00114_EventEnd,http://w3id.org/protys/fixture#Load00114,http://w3id.org/protys/fixture#Load00114_Process,End,1146600,COMMON_ARBITRARY_ORIGIN_SECONDS,SIMULATED_PRODUCTION_CASE
http://w3id.org/protys/fixture#Load00115_EventStart,http://w3id.org/protys/fixture#Load00115,http://w3id.org/protys/fixture#Load00115_Process,Start,1150000,COMMON_ARBITRARY_ORIGIN_SECONDS,SIMULATED_PRODUCTION_CASE
http://w3id.org/protys/fixture#Load00115_EventEnd,http://w3id.org/protys/fixture#Load00115,http://w3id.org/protys/fixture#Load00115_Process,End,1156600,COMMON_ARBITRARY_ORIGIN_SECONDS,SIMULATED_PRODUCTION_CASE
http://w3id.org/protys/fixture#Load00116_EventStart,http://w3id.org/protys/fixture#Load00116,http://w3id.org/protys/fixture#Load00116_Process,Start,1160000,COMMON_ARBITRARY_ORIGIN_SECONDS,SIMULATED_PRODUCTION_CASE
http://w3id.org/protys/fixture#Load00116_EventEnd,http://w3id.org/protys/fixture#Load00116,http://w3id.org/protys/fixture#Load00116_Process,End,1166600,COMMON_ARBITRARY_ORIGIN_SECONDS,SIMULATED_PRODUCTION_CASE
http://w3id.org/protys/fixture#Load00117_EventStart,http://w3id.org/protys/fixture#Load00117,http://w3id.org/protys/fixture#Load00117_Process,Start,1170000,COMMON_ARBITRARY_ORIGIN_SECONDS,SIMULATED_PRODUCTION_CASE
http://w3id.org/protys/fixture#Load00117_EventEnd,http://w3id.org/protys/fixture#Load00117,http://w3id.org/protys/fixture#Load00117_Process,End,1176600,COMMON_ARBITRARY_ORIGIN_SECONDS,SIMULATED_PRODUCTION_CASE
http://w3id.org/protys/fixture#Load00118_EventStart,http://w3id.org/protys/fixture#Load00118,http://w3id.org/protys/fixture#Load00118_Process,Start,1180000,COMMON_ARBITRARY_ORIGIN_SECONDS,SIMULATED_PRODUCTION_CASE
http://w3id.org/protys/fixture#Load00118_EventEnd,http://w3id.org/protys/fixture#Load00118,http://w3id.org/protys/fixture#Load00118_Process,End,1186600,COMMON_ARBITRARY_ORIGIN_SECONDS,SIMULATED_PRODUCTION_CASE
http://w3id.org/protys/fixture#Load00119_EventStart,http://w3id.org/protys/fixture#Load00119,http://w3id.org/protys/fixture#Load00119_Process,Start,1190000,COMMON_ARBITRARY_ORIGIN_SECONDS,SIMULATED_PRODUCTION_CASE
http://w3id.org/protys/fixture#Load00119_EventEnd,http://w3id.org/protys/fixture#Load00119,http://w3id.org/protys/fixture#Load00119_Process,End,1196600,COMMON_ARBITRARY_ORIGIN_SECONDS,SIMULATED_PRODUCTION_CASE
http://w3id.org/protys/fixture#Load00120_EventStart,http://w3id.org/protys/fixture#Load00120,http://w3id.org/protys/fixture#Load00120_Process,Start,1200000,COMMON_ARBITRARY_ORIGIN_SECONDS,SIMULATED_PRODUCTION_CASE
http://w3id.org/protys/fixture#Load00120_EventEnd,http://w3id.org/protys/fixture#Load00120,http://w3id.org/protys/fixture#Load00120_Process,End,1206600,COMMON_ARBITRARY_ORIGIN_SECONDS,SIMULATED_PRODUCTION_CASE
http://w3id.org/protys/fixture#Load00121_EventStart,http://w3id.org/protys/fixture#Load00121,http://w3id.org/protys/fixture#Load00121_Process,Start,1210000,COMMON_ARBITRARY_ORIGIN_SECONDS,SIMULATED_PRODUCTION_CASE
http://w3id.org/protys/fixture#Load00121_EventEnd,http://w3id.org/protys/fixture#Load00121,http://w3id.org/protys/fixture#Load00121_Process,End,1216600,COMMON_ARBITRARY_ORIGIN_SECONDS,SIMULATED_PRODUCTION_CASE
http://w3id.org/protys/fixture#Load00122_EventStart,http://w3id.org/protys/fixture#Load00122,http://w3id.org/protys/fixture#Load00122_Process,Start,1220000,COMMON_ARBITRARY_ORIGIN_SECONDS,SIMULATED_PRODUCTION_CASE
http://w3id.org/protys/fixture#Load00122_EventEnd,http://w3id.org/protys/fixture#Load00122,http://w3id.org/protys/fixture#Load00122_Process,End,1226600,COMMON_ARBITRARY_ORIGIN_SECONDS,SIMULATED_PRODUCTION_CASE
http://w3id.org/protys/fixture#Load00123_EventStart,http://w3id.org/protys/fixture#Load00123,http://w3id.org/protys/fixture#Load00123_Process,Start,1230000,COMMON_ARBITRARY_ORIGIN_SECONDS,SIMULATED_PRODUCTION_CASE
http://w3id.org/protys/fixture#Load00123_EventEnd,http://w3id.org/protys/fixture#Load00123,http://w3id.org/protys/fixture#Load00123_Process,End,1236600,COMMON_ARBITRARY_ORIGIN_SECONDS,SIMULATED_PRODUCTION_CASE
http://w3id.org/protys/fixture#Load00124_EventStart,http://w3id.org/protys/fixture#Load00124,http://w3id.org/protys/fixture#Load00124_Process,Start,1240000,COMMON_ARBITRARY_ORIGIN_SECONDS,SIMULATED_PRODUCTION_CASE
http://w3id.org/protys/fixture#Load00124_EventEnd,http://w3id.org/protys/fixture#Load00124,http://w3id.org/protys/fixture#Load00124_Process,End,1246600,COMMON_ARBITRARY_ORIGIN_SECONDS,SIMULATED_PRODUCTION_CASE
http://w3id.org/protys/fixture#Load00125_EventStart,http://w3id.org/protys/fixture#Load00125,http://w3id.org/protys/fixture#Load00125_Process,Start,1250000,COMMON_ARBITRARY_ORIGIN_SECONDS,SIMULATED_PRODUCTION_CASE
http://w3id.org/protys/fixture#Load00125_EventEnd,http://w3id.org/protys/fixture#Load00125,http://w3id.org/protys/fixture#Load00125_Process,End,1256600,COMMON_ARBITRARY_ORIGIN_SECONDS,SIMULATED_PRODUCTION_CASE
http://w3id.org/protys/fixture#Load00126_EventStart,http://w3id.org/protys/fixture#Load00126,http://w3id.org/protys/fixture#Load00126_Process,Start,1260000,COMMON_ARBITRARY_ORIGIN_SECONDS,SIMULATED_PRODUCTION_CASE
http://w3id.org/protys/fixture#Load00126_EventEnd,http://w3id.org/protys/fixture#Load00126,http://w3id.org/protys/fixture#Load00126_Process,End,1266600,COMMON_ARBITRARY_ORIGIN_SECONDS,SIMULATED_PRODUCTION_CASE
http://w3id.org/protys/fixture#Load00127_EventStart,http://w3id.org/protys/fixture#Load00127,http://w3id.org/protys/fixture#Load00127_Process,Start,1270000,COMMON_ARBITRARY_ORIGIN_SECONDS,SIMULATED_PRODUCTION_CASE
http://w3id.org/protys/fixture#Load00127_EventEnd,http://w3id.org/protys/fixture#Load00127,http://w3id.org/protys/fixture#Load00127_Process,End,1276600,COMMON_ARBITRARY_ORIGIN_SECONDS,SIMULATED_PRODUCTION_CASE
http://w3id.org/protys/fixture#Load00128_EventStart,http://w3id.org/protys/fixture#Load00128,http://w3id.org/protys/fixture#Load00128_Process,Start,1280000,COMMON_ARBITRARY_ORIGIN_SECONDS,SIMULATED_PRODUCTION_CASE
http://w3id.org/protys/fixture#Load00128_EventEnd,http://w3id.org/protys/fixture#Load00128,http://w3id.org/protys/fixture#Load00128_Process,End,1286600,COMMON_ARBITRARY_ORIGIN_SECONDS,SIMULATED_PRODUCTION_CASE
http://w3id.org/protys/fixture#Load00129_EventStart,http://w3id.org/protys/fixture#Load00129,http://w3id.org/protys/fixture#Load00129_Process,Start,1290000,COMMON_ARBITRARY_ORIGIN_SECONDS,SIMULATED_PRODUCTION_CASE
http://w3id.org/protys/fixture#Load00129_EventEnd,http://w3id.org/protys/fixture#Load00129,http://w3id.org/protys/fixture#Load00129_Process,End,1296600,COMMON_ARBITRARY_ORIGIN_SECONDS,SIMULATED_PRODUCTION_CASE
http://w3id.org/protys/fixture#Load00130_EventStart,http://w3id.org/protys/fixture#Load00130,http://w3id.org/protys/fixture#Load00130_Process,Start,1300000,COMMON_ARBITRARY_ORIGIN_SECONDS,SIMULATED_PRODUCTION_CASE
http://w3id.org/protys/fixture#Load00130_EventEnd,http://w3id.org/protys/fixture#Load00130,http://w3id.org/protys/fixture#Load00130_Process,End,1306600,COMMON_ARBITRARY_ORIGIN_SECONDS,SIMULATED_PRODUCTION_CASE
http://w3id.org/protys/fixture#Load00131_EventStart,http://w3id.org/protys/fixture#Load00131,http://w3id.org/protys/fixture#Load00131_Process,Start,1310000,COMMON_ARBITRARY_ORIGIN_SECONDS,SIMULATED_PRODUCTION_CASE
http://w3id.org/protys/fixture#Load00131_EventEnd,http://w3id.org/protys/fixture#Load00131,http://w3id.org/protys/fixture#Load00131_Process,End,1316600,COMMON_ARBITRARY_ORIGIN_SECONDS,SIMULATED_PRODUCTION_CASE
http://w3id.org/protys/fixture#Load00132_EventStart,http://w3id.org/protys/fixture#Load00132,http://w3id.org/protys/fixture#Load00132_Process,Start,1320000,COMMON_ARBITRARY_ORIGIN_SECONDS,SIMULATED_PRODUCTION_CASE
http://w3id.org/protys/fixture#Load00132_EventEnd,http://w3id.org/protys/fixture#Load00132,http://w3id.org/protys/fixture#Load00132_Process,End,1326600,COMMON_ARBITRARY_ORIGIN_SECONDS,SIMULATED_PRODUCTION_CASE
http://w3id.org/protys/fixture#Load00133_EventStart,http://w3id.org/protys/fixture#Load00133,http://w3id.org/protys/fixture#Load00133_Process,Start,1330000,COMMON_ARBITRARY_ORIGIN_SECONDS,SIMULATED_PRODUCTION_CASE
http://w3id.org/protys/fixture#Load00133_EventEnd,http://w3id.org/protys/fixture#Load00133,http://w3id.org/protys/fixture#Load00133_Process,End,1336600,COMMON_ARBITRARY_ORIGIN_SECONDS,SIMULATED_PRODUCTION_CASE
http://w3id.org/protys/fixture#Load00134_EventStart,http://w3id.org/protys/fixture#Load00134,http://w3id.org/protys/fixture#Load00134_Process,Start,1340000,COMMON_ARBITRARY_ORIGIN_SECONDS,SIMULATED_PRODUCTION_CASE
http://w3id.org/protys/fixture#Load00134_EventEnd,http://w3id.org/protys/fixture#Load00134,http://w3id.org/protys/fixture#Load00134_Process,End,1346600,COMMON_ARBITRARY_ORIGIN_SECONDS,SIMULATED_PRODUCTION_CASE
http://w3id.org/protys/fixture#Load00135_EventStart,http://w3id.org/protys/fixture#Load00135,http://w3id.org/protys/fixture#Load00135_Process,Start,1350000,COMMON_ARBITRARY_ORIGIN_SECONDS,SIMULATED_PRODUCTION_CASE
http://w3id.org/protys/fixture#Load00135_EventEnd,http://w3id.org/protys/fixture#Load00135,http://w3id.org/protys/fixture#Load00135_Process,End,1356600,COMMON_ARBITRARY_ORIGIN_SECONDS,SIMULATED_PRODUCTION_CASE
http://w3id.org/protys/fixture#Load00136_EventStart,http://w3id.org/protys/fixture#Load00136,http://w3id.org/protys/fixture#Load00136_Process,Start,1360000,COMMON_ARBITRARY_ORIGIN_SECONDS,SIMULATED_PRODUCTION_CASE
http://w3id.org/protys/fixture#Load00136_EventEnd,http://w3id.org/protys/fixture#Load00136,http://w3id.org/protys/fixture#Load00136_Process,End,1366600,COMMON_ARBITRARY_ORIGIN_SECONDS,SIMULATED_PRODUCTION_CASE
http://w3id.org/protys/fixture#Load00137_EventStart,http://w3id.org/protys/fixture#Load00137,http://w3id.org/protys/fixture#Load00137_Process,Start,1370000,COMMON_ARBITRARY_ORIGIN_SECONDS,SIMULATED_PRODUCTION_CASE
http://w3id.org/protys/fixture#Load00137_EventEnd,http://w3id.org/protys/fixture#Load00137,http://w3id.org/protys/fixture#Load00137_Process,End,1376600,COMMON_ARBITRARY_ORIGIN_SECONDS,SIMULATED_PRODUCTION_CASE
http://w3id.org/protys/fixture#Load00138_EventStart,http://w3id.org/protys/fixture#Load00138,http://w3id.org/protys/fixture#Load00138_Process,Start,1380000,COMMON_ARBITRARY_ORIGIN_SECONDS,SIMULATED_PRODUCTION_CASE
http://w3id.org/protys/fixture#Load00138_EventEnd,http://w3id.org/protys/fixture#Load00138,http://w3id.org/protys/fixture#Load00138_Process,End,1386600,COMMON_ARBITRARY_ORIGIN_SECONDS,SIMULATED_PRODUCTION_CASE
http://w3id.org/protys/fixture#Load00139_EventStart,http://w3id.org/protys/fixture#Load00139,http://w3id.org/protys/fixture#Load00139_Process,Start,1390000,COMMON_ARBITRARY_ORIGIN_SECONDS,SIMULATED_PRODUCTION_CASE
http://w3id.org/protys/fixture#Load00139_EventEnd,http://w3id.org/protys/fixture#Load00139,http://w3id.org/protys/fixture#Load00139_Process,End,1396600,COMMON_ARBITRARY_ORIGIN_SECONDS,SIMULATED_PRODUCTION_CASE
http://w3id.org/protys/fixture#Load00140_EventStart,http://w3id.org/protys/fixture#Load00140,http://w3id.org/protys/fixture#Load00140_Process,Start,1400000,COMMON_ARBITRARY_ORIGIN_SECONDS,SIMULATED_PRODUCTION_CASE
http://w3id.org/protys/fixture#Load00140_EventEnd,http://w3id.org/protys/fixture#Load00140,http://w3id.org/protys/fixture#Load00140_Process,End,1406600,COMMON_ARBITRARY_ORIGIN_SECONDS,SIMULATED_PRODUCTION_CASE
http://w3id.org/protys/fixture#Load00141_EventStart,http://w3id.org/protys/fixture#Load00141,http://w3id.org/protys/fixture#Load00141_Process,Start,1410000,COMMON_ARBITRARY_ORIGIN_SECONDS,SIMULATED_PRODUCTION_CASE
http://w3id.org/protys/fixture#Load00141_EventEnd,http://w3id.org/protys/fixture#Load00141,http://w3id.org/protys/fixture#Load00141_Process,End,1416600,COMMON_ARBITRARY_ORIGIN_SECONDS,SIMULATED_PRODUCTION_CASE
http://w3id.org/protys/fixture#Load00142_EventStart,http://w3id.org/protys/fixture#Load00142,http://w3id.org/protys/fixture#Load00142_Process,Start,1420000,COMMON_ARBITRARY_ORIGIN_SECONDS,SIMULATED_PRODUCTION_CASE
http://w3id.org/protys/fixture#Load00142_EventEnd,http://w3id.org/protys/fixture#Load00142,http://w3id.org/protys/fixture#Load00142_Process,End,1426600,COMMON_ARBITRARY_ORIGIN_SECONDS,SIMULATED_PRODUCTION_CASE
http://w3id.org/protys/fixture#Load00143_EventStart,http://w3id.org/protys/fixture#Load00143,http://w3id.org/protys/fixture#Load00143_Process,Start,1430000,COMMON_ARBITRARY_ORIGIN_SECONDS,SIMULATED_PRODUCTION_CASE
http://w3id.org/protys/fixture#Load00143_EventEnd,http://w3id.org/protys/fixture#Load00143,http://w3id.org/protys/fixture#Load00143_Process,End,1436600,COMMON_ARBITRARY_ORIGIN_SECONDS,SIMULATED_PRODUCTION_CASE
http://w3id.org/protys/fixture#Load00144_EventStart,http://w3id.org/protys/fixture#Load00144,http://w3id.org/protys/fixture#Load00144_Process,Start,1440000,COMMON_ARBITRARY_ORIGIN_SECONDS,SIMULATED_PRODUCTION_CASE
http://w3id.org/protys/fixture#Load00144_EventEnd,http://w3id.org/protys/fixture#Load00144,http://w3id.org/protys/fixture#Load00144_Process,End,1446600,COMMON_ARBITRARY_ORIGIN_SECONDS,SIMULATED_PRODUCTION_CASE
http://w3id.org/protys/fixture#Load00145_EventStart,http://w3id.org/protys/fixture#Load00145,http://w3id.org/protys/fixture#Load00145_Process,Start,1450000,COMMON_ARBITRARY_ORIGIN_SECONDS,SIMULATED_PRODUCTION_CASE
http://w3id.org/protys/fixture#Load00145_EventEnd,http://w3id.org/protys/fixture#Load00145,http://w3id.org/protys/fixture#Load00145_Process,End,1456600,COMMON_ARBITRARY_ORIGIN_SECONDS,SIMULATED_PRODUCTION_CASE
http://w3id.org/protys/fixture#Load00146_EventStart,http://w3id.org/protys/fixture#Load00146,http://w3id.org/protys/fixture#Load00146_Process,Start,1460000,COMMON_ARBITRARY_ORIGIN_SECONDS,SIMULATED_PRODUCTION_CASE
http://w3id.org/protys/fixture#Load00146_EventEnd,http://w3id.org/protys/fixture#Load00146,http://w3id.org/protys/fixture#Load00146_Process,End,1466600,COMMON_ARBITRARY_ORIGIN_SECONDS,SIMULATED_PRODUCTION_CASE
http://w3id.org/protys/fixture#Load00147_EventStart,http://w3id.org/protys/fixture#Load00147,http://w3id.org/protys/fixture#Load00147_Process,Start,1470000,COMMON_ARBITRARY_ORIGIN_SECONDS,SIMULATED_PRODUCTION_CASE
http://w3id.org/protys/fixture#Load00147_EventEnd,http://w3id.org/protys/fixture#Load00147,http://w3id.org/protys/fixture#Load00147_Process,End,1476600,COMMON_ARBITRARY_ORIGIN_SECONDS,SIMULATED_PRODUCTION_CASE
http://w3id.org/protys/fixture#Load00148_EventStart,http://w3id.org/protys/fixture#Load00148,http://w3id.org/protys/fixture#Load00148_Process,Start,1480000,COMMON_ARBITRARY_ORIGIN_SECONDS,SIMULATED_PRODUCTION_CASE
http://w3id.org/protys/fixture#Load00148_EventEnd,http://w3id.org/protys/fixture#Load00148,http://w3id.org/protys/fixture#Load00148_Process,End,1486600,COMMON_ARBITRARY_ORIGIN_SECONDS,SIMULATED_PRODUCTION_CASE
http://w3id.org/protys/fixture#Load00149_EventStart,http://w3id.org/protys/fixture#Load00149,http://w3id.org/protys/fixture#Load00149_Process,Start,1490000,COMMON_ARBITRARY_ORIGIN_SECONDS,SIMULATED_PRODUCTION_CASE
http://w3id.org/protys/fixture#Load00149_EventEnd,http://w3id.org/protys/fixture#Load00149,http://w3id.org/protys/fixture#Load00149_Process,End,1496600,COMMON_ARBITRARY_ORIGIN_SECONDS,SIMULATED_PRODUCTION_CASE
http://w3id.org/protys/fixture#Load00150_EventStart,http://w3id.org/protys/fixture#Load00150,http://w3id.org/protys/fixture#Load00150_Process,Start,1500000,COMMON_ARBITRARY_ORIGIN_SECONDS,SIMULATED_PRODUCTION_CASE
http://w3id.org/protys/fixture#Load00150_EventEnd,http://w3id.org/protys/fixture#Load00150,http://w3id.org/protys/fixture#Load00150_Process,End,1506600,COMMON_ARBITRARY_ORIGIN_SECONDS,SIMULATED_PRODUCTION_CASE
http://w3id.org/protys/fixture#Load00151_EventStart,http://w3id.org/protys/fixture#Load00151,http://w3id.org/protys/fixture#Load00151_Process,Start,1510000,COMMON_ARBITRARY_ORIGIN_SECONDS,SIMULATED_PRODUCTION_CASE
http://w3id.org/protys/fixture#Load00151_EventEnd,http://w3id.org/protys/fixture#Load00151,http://w3id.org/protys/fixture#Load00151_Process,End,1516600,COMMON_ARBITRARY_ORIGIN_SECONDS,SIMULATED_PRODUCTION_CASE
http://w3id.org/protys/fixture#Load00152_EventStart,http://w3id.org/protys/fixture#Load00152,http://w3id.org/protys/fixture#Load00152_Process,Start,1520000,COMMON_ARBITRARY_ORIGIN_SECONDS,SIMULATED_PRODUCTION_CASE
http://w3id.org/protys/fixture#Load00152_EventEnd,http://w3id.org/protys/fixture#Load00152,http://w3id.org/protys/fixture#Load00152_Process,End,1526600,COMMON_ARBITRARY_ORIGIN_SECONDS,SIMULATED_PRODUCTION_CASE
http://w3id.org/protys/fixture#Load00153_EventStart,http://w3id.org/protys/fixture#Load00153,http://w3id.org/protys/fixture#Load00153_Process,Start,1530000,COMMON_ARBITRARY_ORIGIN_SECONDS,SIMULATED_PRODUCTION_CASE
http://w3id.org/protys/fixture#Load00153_EventEnd,http://w3id.org/protys/fixture#Load00153,http://w3id.org/protys/fixture#Load00153_Process,End,1536600,COMMON_ARBITRARY_ORIGIN_SECONDS,SIMULATED_PRODUCTION_CASE
http://w3id.org/protys/fixture#Load00154_EventStart,http://w3id.org/protys/fixture#Load00154,http://w3id.org/protys/fixture#Load00154_Process,Start,1540000,COMMON_ARBITRARY_ORIGIN_SECONDS,SIMULATED_PRODUCTION_CASE
http://w3id.org/protys/fixture#Load00154_EventEnd,http://w3id.org/protys/fixture#Load00154,http://w3id.org/protys/fixture#Load00154_Process,End,1546600,COMMON_ARBITRARY_ORIGIN_SECONDS,SIMULATED_PRODUCTION_CASE
http://w3id.org/protys/fixture#Load00155_EventStart,http://w3id.org/protys/fixture#Load00155,http://w3id.org/protys/fixture#Load00155_Process,Start,1550000,COMMON_ARBITRARY_ORIGIN_SECONDS,SIMULATED_PRODUCTION_CASE
http://w3id.org/protys/fixture#Load00155_EventEnd,http://w3id.org/protys/fixture#Load00155,http://w3id.org/protys/fixture#Load00155_Process,End,1556600,COMMON_ARBITRARY_ORIGIN_SECONDS,SIMULATED_PRODUCTION_CASE
http://w3id.org/protys/fixture#Load00156_EventStart,http://w3id.org/protys/fixture#Load00156,http://w3id.org/protys/fixture#Load00156_Process,Start,1560000,COMMON_ARBITRARY_ORIGIN_SECONDS,SIMULATED_PRODUCTION_CASE
http://w3id.org/protys/fixture#Load00156_EventEnd,http://w3id.org/protys/fixture#Load00156,http://w3id.org/protys/fixture#Load00156_Process,End,1566600,COMMON_ARBITRARY_ORIGIN_SECONDS,SIMULATED_PRODUCTION_CASE
http://w3id.org/protys/fixture#Load00157_EventStart,http://w3id.org/protys/fixture#Load00157,http://w3id.org/protys/fixture#Load00157_Process,Start,1570000,COMMON_ARBITRARY_ORIGIN_SECONDS,SIMULATED_PRODUCTION_CASE
http://w3id.org/protys/fixture#Load00157_EventEnd,http://w3id.org/protys/fixture#Load00157,http://w3id.org/protys/fixture#Load00157_Process,End,1576600,COMMON_ARBITRARY_ORIGIN_SECONDS,SIMULATED_PRODUCTION_CASE
http://w3id.org/protys/fixture#Load00158_EventStart,http://w3id.org/protys/fixture#Load00158,http://w3id.org/protys/fixture#Load00158_Process,Start,1580000,COMMON_ARBITRARY_ORIGIN_SECONDS,SIMULATED_PRODUCTION_CASE
http://w3id.org/protys/fixture#Load00158_EventEnd,http://w3id.org/protys/fixture#Load00158,http://w3id.org/protys/fixture#Load00158_Process,End,1586600,COMMON_ARBITRARY_ORIGIN_SECONDS,SIMULATED_PRODUCTION_CASE
http://w3id.org/protys/fixture#Load00159_EventStart,http://w3id.org/protys/fixture#Load00159,http://w3id.org/protys/fixture#Load00159_Process,Start,1590000,COMMON_ARBITRARY_ORIGIN_SECONDS,SIMULATED_PRODUCTION_CASE
http://w3id.org/protys/fixture#Load00159_EventEnd,http://w3id.org/protys/fixture#Load00159,http://w3id.org/protys/fixture#Load00159_Process,End,1596600,COMMON_ARBITRARY_ORIGIN_SECONDS,SIMULATED_PRODUCTION_CASE
http://w3id.org/protys/fixture#Load00160_EventStart,http://w3id.org/protys/fixture#Load00160,http://w3id.org/protys/fixture#Load00160_Process,Start,1600000,COMMON_ARBITRARY_ORIGIN_SECONDS,SIMULATED_PRODUCTION_CASE
http://w3id.org/protys/fixture#Load00160_EventEnd,http://w3id.org/protys/fixture#Load00160,http://w3id.org/protys/fixture#Load00160_Process,End,1606600,COMMON_ARBITRARY_ORIGIN_SECONDS,SIMULATED_PRODUCTION_CASE
http://w3id.org/protys/fixture#Load00161_EventStart,http://w3id.org/protys/fixture#Load00161,http://w3id.org/protys/fixture#Load00161_Process,Start,1610000,COMMON_ARBITRARY_ORIGIN_SECONDS,SIMULATED_PRODUCTION_CASE
http://w3id.org/protys/fixture#Load00161_EventEnd,http://w3id.org/protys/fixture#Load00161,http://w3id.org/protys/fixture#Load00161_Process,End,1616600,COMMON_ARBITRARY_ORIGIN_SECONDS,SIMULATED_PRODUCTION_CASE
http://w3id.org/protys/fixture#Load00162_EventStart,http://w3id.org/protys/fixture#Load00162,http://w3id.org/protys/fixture#Load00162_Process,Start,1620000,COMMON_ARBITRARY_ORIGIN_SECONDS,SIMULATED_PRODUCTION_CASE
http://w3id.org/protys/fixture#Load00162_EventEnd,http://w3id.org/protys/fixture#Load00162,http://w3id.org/protys/fixture#Load00162_Process,End,1626600,COMMON_ARBITRARY_ORIGIN_SECONDS,SIMULATED_PRODUCTION_CASE
http://w3id.org/protys/fixture#Load00163_EventStart,http://w3id.org/protys/fixture#Load00163,http://w3id.org/protys/fixture#Load00163_Process,Start,1630000,COMMON_ARBITRARY_ORIGIN_SECONDS,SIMULATED_PRODUCTION_CASE
http://w3id.org/protys/fixture#Load00163_EventEnd,http://w3id.org/protys/fixture#Load00163,http://w3id.org/protys/fixture#Load00163_Process,End,1636600,COMMON_ARBITRARY_ORIGIN_SECONDS,SIMULATED_PRODUCTION_CASE
http://w3id.org/protys/fixture#Load00164_EventStart,http://w3id.org/protys/fixture#Load00164,http://w3id.org/protys/fixture#Load00164_Process,Start,1640000,COMMON_ARBITRARY_ORIGIN_SECONDS,SIMULATED_PRODUCTION_CASE
http://w3id.org/protys/fixture#Load00164_EventEnd,http://w3id.org/protys/fixture#Load00164,http://w3id.org/protys/fixture#Load00164_Process,End,1646600,COMMON_ARBITRARY_ORIGIN_SECONDS,SIMULATED_PRODUCTION_CASE
http://w3id.org/protys/fixture#Load00165_EventStart,http://w3id.org/protys/fixture#Load00165,http://w3id.org/protys/fixture#Load00165_Process,Start,1650000,COMMON_ARBITRARY_ORIGIN_SECONDS,SIMULATED_PRODUCTION_CASE
http://w3id.org/protys/fixture#Load00165_EventEnd,http://w3id.org/protys/fixture#Load00165,http://w3id.org/protys/fixture#Load00165_Process,End,1656600,COMMON_ARBITRARY_ORIGIN_SECONDS,SIMULATED_PRODUCTION_CASE
http://w3id.org/protys/fixture#Load00166_EventStart,http://w3id.org/protys/fixture#Load00166,http://w3id.org/protys/fixture#Load00166_Process,Start,1660000,COMMON_ARBITRARY_ORIGIN_SECONDS,SIMULATED_PRODUCTION_CASE
http://w3id.org/protys/fixture#Load00166_EventEnd,http://w3id.org/protys/fixture#Load00166,http://w3id.org/protys/fixture#Load00166_Process,End,1666600,COMMON_ARBITRARY_ORIGIN_SECONDS,SIMULATED_PRODUCTION_CASE
http://w3id.org/protys/fixture#Load00167_EventStart,http://w3id.org/protys/fixture#Load00167,http://w3id.org/protys/fixture#Load00167_Process,Start,1670000,COMMON_ARBITRARY_ORIGIN_SECONDS,SIMULATED_PRODUCTION_CASE
http://w3id.org/protys/fixture#Load00167_EventEnd,http://w3id.org/protys/fixture#Load00167,http://w3id.org/protys/fixture#Load00167_Process,End,1676600,COMMON_ARBITRARY_ORIGIN_SECONDS,SIMULATED_PRODUCTION_CASE
http://w3id.org/protys/fixture#Load00168_EventStart,http://w3id.org/protys/fixture#Load00168,http://w3id.org/protys/fixture#Load00168_Process,Start,1680000,COMMON_ARBITRARY_ORIGIN_SECONDS,SIMULATED_PRODUCTION_CASE
http://w3id.org/protys/fixture#Load00168_EventEnd,http://w3id.org/protys/fixture#Load00168,http://w3id.org/protys/fixture#Load00168_Process,End,1686600,COMMON_ARBITRARY_ORIGIN_SECONDS,SIMULATED_PRODUCTION_CASE
http://w3id.org/protys/fixture#Load00169_EventStart,http://w3id.org/protys/fixture#Load00169,http://w3id.org/protys/fixture#Load00169_Process,Start,1690000,COMMON_ARBITRARY_ORIGIN_SECONDS,SIMULATED_PRODUCTION_CASE
http://w3id.org/protys/fixture#Load00169_EventEnd,http://w3id.org/protys/fixture#Load00169,http://w3id.org/protys/fixture#Load00169_Process,End,1696600,COMMON_ARBITRARY_ORIGIN_SECONDS,SIMULATED_PRODUCTION_CASE
http://w3id.org/protys/fixture#Load00170_EventStart,http://w3id.org/protys/fixture#Load00170,http://w3id.org/protys/fixture#Load00170_Process,Start,1700000,COMMON_ARBITRARY_ORIGIN_SECONDS,SIMULATED_PRODUCTION_CASE
http://w3id.org/protys/fixture#Load00170_EventEnd,http://w3id.org/protys/fixture#Load00170,http://w3id.org/protys/fixture#Load00170_Process,End,1706600,COMMON_ARBITRARY_ORIGIN_SECONDS,SIMULATED_PRODUCTION_CASE
http://w3id.org/protys/fixture#Load00171_EventStart,http://w3id.org/protys/fixture#Load00171,http://w3id.org/protys/fixture#Load00171_Process,Start,1710000,COMMON_ARBITRARY_ORIGIN_SECONDS,SIMULATED_PRODUCTION_CASE
http://w3id.org/protys/fixture#Load00171_EventEnd,http://w3id.org/protys/fixture#Load00171,http://w3id.org/protys/fixture#Load00171_Process,End,1716600,COMMON_ARBITRARY_ORIGIN_SECONDS,SIMULATED_PRODUCTION_CASE
http://w3id.org/protys/fixture#Load00172_EventStart,http://w3id.org/protys/fixture#Load00172,http://w3id.org/protys/fixture#Load00172_Process,Start,1720000,COMMON_ARBITRARY_ORIGIN_SECONDS,SIMULATED_PRODUCTION_CASE
http://w3id.org/protys/fixture#Load00172_EventEnd,http://w3id.org/protys/fixture#Load00172,http://w3id.org/protys/fixture#Load00172_Process,End,1726600,COMMON_ARBITRARY_ORIGIN_SECONDS,SIMULATED_PRODUCTION_CASE
http://w3id.org/protys/fixture#Load00173_EventStart,http://w3id.org/protys/fixture#Load00173,http://w3id.org/protys/fixture#Load00173_Process,Start,1730000,COMMON_ARBITRARY_ORIGIN_SECONDS,SIMULATED_PRODUCTION_CASE
http://w3id.org/protys/fixture#Load00173_EventEnd,http://w3id.org/protys/fixture#Load00173,http://w3id.org/protys/fixture#Load00173_Process,End,1736600,COMMON_ARBITRARY_ORIGIN_SECONDS,SIMULATED_PRODUCTION_CASE
http://w3id.org/protys/fixture#Load00174_EventStart,http://w3id.org/protys/fixture#Load00174,http://w3id.org/protys/fixture#Load00174_Process,Start,1740000,COMMON_ARBITRARY_ORIGIN_SECONDS,SIMULATED_PRODUCTION_CASE
http://w3id.org/protys/fixture#Load00174_EventEnd,http://w3id.org/protys/fixture#Load00174,http://w3id.org/protys/fixture#Load00174_Process,End,1746600,COMMON_ARBITRARY_ORIGIN_SECONDS,SIMULATED_PRODUCTION_CASE
http://w3id.org/protys/fixture#Load00175_EventStart,http://w3id.org/protys/fixture#Load00175,http://w3id.org/protys/fixture#Load00175_Process,Start,1750000,COMMON_ARBITRARY_ORIGIN_SECONDS,SIMULATED_PRODUCTION_CASE
http://w3id.org/protys/fixture#Load00175_EventEnd,http://w3id.org/protys/fixture#Load00175,http://w3id.org/protys/fixture#Load00175_Process,End,1756600,COMMON_ARBITRARY_ORIGIN_SECONDS,SIMULATED_PRODUCTION_CASE
http://w3id.org/protys/fixture#Load00176_EventStart,http://w3id.org/protys/fixture#Load00176,http://w3id.org/protys/fixture#Load00176_Process,Start,1760000,COMMON_ARBITRARY_ORIGIN_SECONDS,SIMULATED_PRODUCTION_CASE
http://w3id.org/protys/fixture#Load00176_EventEnd,http://w3id.org/protys/fixture#Load00176,http://w3id.org/protys/fixture#Load00176_Process,End,1766600,COMMON_ARBITRARY_ORIGIN_SECONDS,SIMULATED_PRODUCTION_CASE
http://w3id.org/protys/fixture#Load00177_EventStart,http://w3id.org/protys/fixture#Load00177,http://w3id.org/protys/fixture#Load00177_Process,Start,1770000,COMMON_ARBITRARY_ORIGIN_SECONDS,SIMULATED_PRODUCTION_CASE
http://w3id.org/protys/fixture#Load00177_EventEnd,http://w3id.org/protys/fixture#Load00177,http://w3id.org/protys/fixture#Load00177_Process,End,1776600,COMMON_ARBITRARY_ORIGIN_SECONDS,SIMULATED_PRODUCTION_CASE
http://w3id.org/protys/fixture#Load00178_EventStart,http://w3id.org/protys/fixture#Load00178,http://w3id.org/protys/fixture#Load00178_Process,Start,1780000,COMMON_ARBITRARY_ORIGIN_SECONDS,SIMULATED_PRODUCTION_CASE
http://w3id.org/protys/fixture#Load00178_EventEnd,http://w3id.org/protys/fixture#Load00178,http://w3id.org/protys/fixture#Load00178_Process,End,1786600,COMMON_ARBITRARY_ORIGIN_SECONDS,SIMULATED_PRODUCTION_CASE
http://w3id.org/protys/fixture#Load00179_EventStart,http://w3id.org/protys/fixture#Load00179,http://w3id.org/protys/fixture#Load00179_Process,Start,1790000,COMMON_ARBITRARY_ORIGIN_SECONDS,SIMULATED_PRODUCTION_CASE
http://w3id.org/protys/fixture#Load00179_EventEnd,http://w3id.org/protys/fixture#Load00179,http://w3id.org/protys/fixture#Load00179_Process,End,1796600,COMMON_ARBITRARY_ORIGIN_SECONDS,SIMULATED_PRODUCTION_CASE
http://w3id.org/protys/fixture#Load00180_EventStart,http://w3id.org/protys/fixture#Load00180,http://w3id.org/protys/fixture#Load00180_Process,Start,1800000,COMMON_ARBITRARY_ORIGIN_SECONDS,SIMULATED_PRODUCTION_CASE
http://w3id.org/protys/fixture#Load00180_EventEnd,http://w3id.org/protys/fixture#Load00180,http://w3id.org/protys/fixture#Load00180_Process,End,1806600,COMMON_ARBITRARY_ORIGIN_SECONDS,SIMULATED_PRODUCTION_CASE
http://w3id.org/protys/fixture#Load00181_EventStart,http://w3id.org/protys/fixture#Load00181,http://w3id.org/protys/fixture#Load00181_Process,Start,1810000,COMMON_ARBITRARY_ORIGIN_SECONDS,SIMULATED_PRODUCTION_CASE
http://w3id.org/protys/fixture#Load00181_EventEnd,http://w3id.org/protys/fixture#Load00181,http://w3id.org/protys/fixture#Load00181_Process,End,1816600,COMMON_ARBITRARY_ORIGIN_SECONDS,SIMULATED_PRODUCTION_CASE
http://w3id.org/protys/fixture#Load00182_EventStart,http://w3id.org/protys/fixture#Load00182,http://w3id.org/protys/fixture#Load00182_Process,Start,1820000,COMMON_ARBITRARY_ORIGIN_SECONDS,SIMULATED_PRODUCTION_CASE
http://w3id.org/protys/fixture#Load00182_EventEnd,http://w3id.org/protys/fixture#Load00182,http://w3id.org/protys/fixture#Load00182_Process,End,1826600,COMMON_ARBITRARY_ORIGIN_SECONDS,SIMULATED_PRODUCTION_CASE
http://w3id.org/protys/fixture#Load00183_EventStart,http://w3id.org/protys/fixture#Load00183,http://w3id.org/protys/fixture#Load00183_Process,Start,1830000,COMMON_ARBITRARY_ORIGIN_SECONDS,SIMULATED_PRODUCTION_CASE
http://w3id.org/protys/fixture#Load00183_EventEnd,http://w3id.org/protys/fixture#Load00183,http://w3id.org/protys/fixture#Load00183_Process,End,1836600,COMMON_ARBITRARY_ORIGIN_SECONDS,SIMULATED_PRODUCTION_CASE
http://w3id.org/protys/fixture#Load00184_EventStart,http://w3id.org/protys/fixture#Load00184,http://w3id.org/protys/fixture#Load00184_Process,Start,1840000,COMMON_ARBITRARY_ORIGIN_SECONDS,SIMULATED_PRODUCTION_CASE
http://w3id.org/protys/fixture#Load00184_EventEnd,http://w3id.org/protys/fixture#Load00184,http://w3id.org/protys/fixture#Load00184_Process,End,1846600,COMMON_ARBITRARY_ORIGIN_SECONDS,SIMULATED_PRODUCTION_CASE
http://w3id.org/protys/fixture#Load00185_EventStart,http://w3id.org/protys/fixture#Load00185,http://w3id.org/protys/fixture#Load00185_Process,Start,1850000,COMMON_ARBITRARY_ORIGIN_SECONDS,SIMULATED_PRODUCTION_CASE
http://w3id.org/protys/fixture#Load00185_EventEnd,http://w3id.org/protys/fixture#Load00185,http://w3id.org/protys/fixture#Load00185_Process,End,1856600,COMMON_ARBITRARY_ORIGIN_SECONDS,SIMULATED_PRODUCTION_CASE
http://w3id.org/protys/fixture#Load00186_EventStart,http://w3id.org/protys/fixture#Load00186,http://w3id.org/protys/fixture#Load00186_Process,Start,1860000,COMMON_ARBITRARY_ORIGIN_SECONDS,SIMULATED_PRODUCTION_CASE
http://w3id.org/protys/fixture#Load00186_EventEnd,http://w3id.org/protys/fixture#Load00186,http://w3id.org/protys/fixture#Load00186_Process,End,1866600,COMMON_ARBITRARY_ORIGIN_SECONDS,SIMULATED_PRODUCTION_CASE
http://w3id.org/protys/fixture#Load00187_EventStart,http://w3id.org/protys/fixture#Load00187,http://w3id.org/protys/fixture#Load00187_Process,Start,1870000,COMMON_ARBITRARY_ORIGIN_SECONDS,SIMULATED_PRODUCTION_CASE
http://w3id.org/protys/fixture#Load00187_EventEnd,http://w3id.org/protys/fixture#Load00187,http://w3id.org/protys/fixture#Load00187_Process,End,1876600,COMMON_ARBITRARY_ORIGIN_SECONDS,SIMULATED_PRODUCTION_CASE
http://w3id.org/protys/fixture#Load00188_EventStart,http://w3id.org/protys/fixture#Load00188,http://w3id.org/protys/fixture#Load00188_Process,Start,1880000,COMMON_ARBITRARY_ORIGIN_SECONDS,SIMULATED_PRODUCTION_CASE
http://w3id.org/protys/fixture#Load00188_EventEnd,http://w3id.org/protys/fixture#Load00188,http://w3id.org/protys/fixture#Load00188_Process,End,1886600,COMMON_ARBITRARY_ORIGIN_SECONDS,SIMULATED_PRODUCTION_CASE
http://w3id.org/protys/fixture#Load00189_EventStart,http://w3id.org/protys/fixture#Load00189,http://w3id.org/protys/fixture#Load00189_Process,Start,1890000,COMMON_ARBITRARY_ORIGIN_SECONDS,SIMULATED_PRODUCTION_CASE
http://w3id.org/protys/fixture#Load00189_EventEnd,http://w3id.org/protys/fixture#Load00189,http://w3id.org/protys/fixture#Load00189_Process,End,1896600,COMMON_ARBITRARY_ORIGIN_SECONDS,SIMULATED_PRODUCTION_CASE
http://w3id.org/protys/fixture#Load00190_EventStart,http://w3id.org/protys/fixture#Load00190,http://w3id.org/protys/fixture#Load00190_Process,Start,1900000,COMMON_ARBITRARY_ORIGIN_SECONDS,SIMULATED_PRODUCTION_CASE
http://w3id.org/protys/fixture#Load00190_EventEnd,http://w3id.org/protys/fixture#Load00190,http://w3id.org/protys/fixture#Load00190_Process,End,1906600,COMMON_ARBITRARY_ORIGIN_SECONDS,SIMULATED_PRODUCTION_CASE
http://w3id.org/protys/fixture#Load00191_EventStart,http://w3id.org/protys/fixture#Load00191,http://w3id.org/protys/fixture#Load00191_Process,Start,1910000,COMMON_ARBITRARY_ORIGIN_SECONDS,SIMULATED_PRODUCTION_CASE
http://w3id.org/protys/fixture#Load00191_EventEnd,http://w3id.org/protys/fixture#Load00191,http://w3id.org/protys/fixture#Load00191_Process,End,1916600,COMMON_ARBITRARY_ORIGIN_SECONDS,SIMULATED_PRODUCTION_CASE
http://w3id.org/protys/fixture#Load00192_EventStart,http://w3id.org/protys/fixture#Load00192,http://w3id.org/protys/fixture#Load00192_Process,Start,1920000,COMMON_ARBITRARY_ORIGIN_SECONDS,SIMULATED_PRODUCTION_CASE
http://w3id.org/protys/fixture#Load00192_EventEnd,http://w3id.org/protys/fixture#Load00192,http://w3id.org/protys/fixture#Load00192_Process,End,1926600,COMMON_ARBITRARY_ORIGIN_SECONDS,SIMULATED_PRODUCTION_CASE
http://w3id.org/protys/fixture#Load00193_EventStart,http://w3id.org/protys/fixture#Load00193,http://w3id.org/protys/fixture#Load00193_Process,Start,1930000,COMMON_ARBITRARY_ORIGIN_SECONDS,SIMULATED_PRODUCTION_CASE
http://w3id.org/protys/fixture#Load00193_EventEnd,http://w3id.org/protys/fixture#Load00193,http://w3id.org/protys/fixture#Load00193_Process,End,1936600,COMMON_ARBITRARY_ORIGIN_SECONDS,SIMULATED_PRODUCTION_CASE
http://w3id.org/protys/fixture#Load00194_EventStart,http://w3id.org/protys/fixture#Load00194,http://w3id.org/protys/fixture#Load00194_Process,Start,1940000,COMMON_ARBITRARY_ORIGIN_SECONDS,SIMULATED_PRODUCTION_CASE
http://w3id.org/protys/fixture#Load00194_EventEnd,http://w3id.org/protys/fixture#Load00194,http://w3id.org/protys/fixture#Load00194_Process,End,1946600,COMMON_ARBITRARY_ORIGIN_SECONDS,SIMULATED_PRODUCTION_CASE
http://w3id.org/protys/fixture#Load00195_EventStart,http://w3id.org/protys/fixture#Load00195,http://w3id.org/protys/fixture#Load00195_Process,Start,1950000,COMMON_ARBITRARY_ORIGIN_SECONDS,SIMULATED_PRODUCTION_CASE
http://w3id.org/protys/fixture#Load00195_EventEnd,http://w3id.org/protys/fixture#Load00195,http://w3id.org/protys/fixture#Load00195_Process,End,1956600,COMMON_ARBITRARY_ORIGIN_SECONDS,SIMULATED_PRODUCTION_CASE
http://w3id.org/protys/fixture#Load00196_EventStart,http://w3id.org/protys/fixture#Load00196,http://w3id.org/protys/fixture#Load00196_Process,Start,1960000,COMMON_ARBITRARY_ORIGIN_SECONDS,SIMULATED_PRODUCTION_CASE
http://w3id.org/protys/fixture#Load00196_EventEnd,http://w3id.org/protys/fixture#Load00196,http://w3id.org/protys/fixture#Load00196_Process,End,1966600,COMMON_ARBITRARY_ORIGIN_SECONDS,SIMULATED_PRODUCTION_CASE
http://w3id.org/protys/fixture#Load00197_EventStart,http://w3id.org/protys/fixture#Load00197,http://w3id.org/protys/fixture#Load00197_Process,Start,1970000,COMMON_ARBITRARY_ORIGIN_SECONDS,SIMULATED_PRODUCTION_CASE
http://w3id.org/protys/fixture#Load00197_EventEnd,http://w3id.org/protys/fixture#Load00197,http://w3id.org/protys/fixture#Load00197_Process,End,1976600,COMMON_ARBITRARY_ORIGIN_SECONDS,SIMULATED_PRODUCTION_CASE
http://w3id.org/protys/fixture#Load00198_EventStart,http://w3id.org/protys/fixture#Load00198,http://w3id.org/protys/fixture#Load00198_Process,Start,1980000,COMMON_ARBITRARY_ORIGIN_SECONDS,SIMULATED_PRODUCTION_CASE
http://w3id.org/protys/fixture#Load00198_EventEnd,http://w3id.org/protys/fixture#Load00198,http://w3id.org/protys/fixture#Load00198_Process,End,1986600,COMMON_ARBITRARY_ORIGIN_SECONDS,SIMULATED_PRODUCTION_CASE
http://w3id.org/protys/fixture#Load00199_EventStart,http://w3id.org/protys/fixture#Load00199,http://w3id.org/protys/fixture#Load00199_Process,Start,1990000,COMMON_ARBITRARY_ORIGIN_SECONDS,SIMULATED_PRODUCTION_CASE
http://w3id.org/protys/fixture#Load00199_EventEnd,http://w3id.org/protys/fixture#Load00199,http://w3id.org/protys/fixture#Load00199_Process,End,1996600,COMMON_ARBITRARY_ORIGIN_SECONDS,SIMULATED_PRODUCTION_CASE
